Workbook

Sheet Form Responses 2
A1: Timestamp | B1: Pertanyaan Tanpa Judul | C1: Merged Doc ID - TLC Scanner (Densitometer) | D1: Merged Doc URL - TLC Scanner (Densitometer) | E1: Link to merged Doc - TLC Scanner (Densitometer) | F1: Document Merge Status - TLC Scanner (Densitometer)

Sheet TARIF LAYANAN
A1: LAMPIRAN TARIF LAYANAN PENUNJANG AKADEMIK
A2: UNIVERSITAS SEBELAS MARET
A3: UPT LABORATORIUM TERPADU
A5: No. | B5: JENIS LAYANAN | G5: SATUAN | H5: TARIF (Rp)
A6: 1 | B6: LAYANAN PENGUJIAN KUALITAS AIR PER PARAMETER
B7: 1 | C7: Chemical Oxygen Demand (COD) | G7: Per sampel | H7: 100000
B8: 2 | C8: Biological Oxygen Demand (BOD) | G8: Per sampel | H8: 140000
B9: 3 | C9: Sulfida (S) | G9: Per sampel | H9: 150000
B10: 4 | C10: Sianida (CN) | G10: Per sampel | H10: 350000
B11: 5 | C11: Phenol | G11: Per sampel | H11: 300000
B12: 6 | C12: Dissolved Oxygen (DO) | G12: Per sampel | H12: 50000
B13: 7 | C13: Total Padatan Tersuspensi (TSS) | G13: Per sampel | H13: 100000
B14: 8 | C14: Total Padatan Terlarut (TDS) | G14: Per sampel | H14: 100000
B15: 9 | C15: Nitrit (NO2-N) | G15: Per sampel | H15: 90000
B16: 10 | C16: Nitrat (NO3-N) | G16: Per sampel | H16: 90000
B17: 11 | C17: Amonia Total (NH3-N) | G17: Per sampel | H17: 110000
B18: 12 | C18: orto-Phosphat (PO4) | G18: Per sampel | H18: 100000
... B54: 48 | C54: Perak (Ag) | G54: Per sampel | H54: 100000
A55: 2 | B55: LAYANAN PENGUJIAN KUALITAS UDARA PER PARAMETER
B56: 1 | C56: Ozon (O3) | G56: Per sampel | H56: 100000
B57: 2 | C57: Hidrogen sulfida (H2S) | G57: Per sampel | H57: 100000
B58: 3 | C58: Timbal (Pb) | G58: Per sampel | H58: 200000
B59: 4 | C59: Partikel tersuspensi total (TSP) | G59: Per sampel | H59: 200000
B60: 5 | C60: Amonia (NH3) | G60: Per sampel | H60: 150000
B61: 6 | C61: Carbon monoksida (CO) | G61: Per sampel | H61: 90000
B62: 7 | C62: Sulfur dioksida (SO2) | G62: Per sampel | H62: 150000
B63: 8 | C63: Nitrogen dioksida (NO2) | G63: Per sampel | H63: 100000
B65: Layanan pengujian Kebisingan
B66: 1 | C66: Tingkat kebisingan lingkungan | G66: Per sampel | H66: 100000
B67: Layanan pengujian lingkungan kerja
B68: 1 | C68: Intensitas pencahayaan | G68: Per sampel | H68: 100000
A70: 3 | B70: PENGUJIAN PARAMETER HALAL
B71: 1. | C71: Analisis DNA sd PCR | G71: Per sampel | H71: 600000
B72: 2. | C72: Analisis Alkohol kualitatif | G72: Per sampel | H72: 300000
B73: 3. | C73: Analisis Alkohol kuantitatif | G73: Per sampel | H73: 300000
A75: 4 | B75: PENGUJIAN PRODUK
B76: 1. | C76: Analisis APD (kain masker, kain hazmat)
C77: 1 | D77: Uji Anti bakteri APD | G77: Per sampel | H77: 500000
C78: 2 | D78: Uji kedap air APD | G78: Per sampel | H78: 150000
C79: 3 | D79: Uji kedap udara APD | G79: Per sampel | H79: 150000
B81: 2. | C81: Analisis Madu
C82: 1 | D82: Uji Bau Organoleptik | G82: Per sampel | H82: 75000
C83: 2 | D83: Uji Rasa organoleptik | G83: Per sampel | H83: 75000
C84: 3 | D84: Uji Aktivitas enzim diatase | G84: Per sampel | H84: 145000
C85: 4 | D85: Uji Hidroksimetilfurfural (HMF) | G85: Per sampel | H85: 110000
C86: 5 | D86: Uji Gula pereduksi (dihitung sebagai glukosa) | G86: Per sampel | H86: 85000
C87: 6 | D87: Uji Sukrosa (gula sukrosa) | G87: Per sampel | H87: 220000
C88: 7 | D88: Uji keasaman | G88: Per sampel | H88: 30000
C89: 8 | D89: Uji padatan tak larut dalam air | G89: Per sampel | H89: 60000
C90: 9 | D90: Uji Abu (Gravimetri) | G90: Per sampel | H90: 80000
C91: 10 | D91: Uji Cemaran Timbal (Pb) | G91: Per sampel | H91: 100000
C92: 11 | D92: Uji Cemaran Kadmium (Cd) | G92: Per sampel | H92: 100000
C93: 12 | D93: Uji Cemaran Merkuri (Hg) | G93: Per sampel | H93: 300000
... C98: 17 | D98: Uji kapang dan khamir | G98: Per sampel | H98: 150000
B100: 3. | C100: Analisis Air Minum dalam Kemasan (AMDK)
C101: 1 | D101: Uji bau dan rasa | G101: Per sampel | H101: 30000
C102: 2 | D102: pH (derajat keasaman) | G102: Per sampel | H102: 25000
C103: 3 | D103: Warna | G103: Per sampel | H103: 50000
C104: 4 | D104: Kekeruhan | G104: Per sampel | H104: 50000
C105: 5 | D105: Zat yang tidak terlarut | G105: Per sampel | H105: 100000
C106: 6 | D106: Zat organik (Angka KMnO4) | G106: Per sampel | H106: 30000
C107: 7 | D107: Nitrat (NO3-N) | G107: Per sampel | H107: 90000
C108: 8 | D108: Nitrit (NO2-N) | G108: Per sampel | H108: 90000
C109: 9 | D109: Amonium (NH4+) | G109: Per sampel | H109: 110000
C110: 10 | D110: Sulfat (SO42-) | G110: Per sampel | H110: 90000
C111: 11 | D111: Klorida (Cl-) | G111: Per sampel | H111: 80000
C112: 12 | D112: Fluorida (F) | G112: Per sampel | H112: 150000
... C117: 17 | D117: Merkuri (Hg) | G117: Per sampel | H117: 300000
C118: 18 | D118: Cemaran mikroba:
C119: 19 | D119: Angka Lempeng Total awal**) | G119: Per sampel | H119: 200000
C120: 20 | D120: Angka Lempeng Total akhir***) | G120: Per sampel | H120: 200000
C121: 21 | D121: Coliform | G121: Per sampel | H121: 150000
C122: 22 | D122: Pseudomonas aeruginosa | G122: Per sampel | H122: 600000
C123: 23 | D123: Klor bebas (Cl2) | G123: Per sampel | H123: 60000
C124: 24 | D124: Kromium (Cr) | G124: Per sampel | H124: 110000
C125: 25 | D125: Barium (Ba) | G125: Per sampel | H125: 110000
C126: 26 | D126: Boron (B) | G126: Per sampel | H126: 130000
C127: 27 | D127: Selenium (Se) | G127: Per sampel | H127: 150000
C128: 28 | D128: Bromat | G128: Per sampel | H128: 400000
C129: 29 | D129: Perak (Ag) | G129: Per sampel | H129: 100000
C130: 30 | D130: Cemaran logam:
C131: 31 | D131: Timbal (Pb) | G131: Per sampel | H131: 110000
C132: 32 | D132: Tembaga (Cu) | G132: Per sampel | H132: 110000
C133: 33 | D133: Kadmium (Cd) | G133: Per sampel | H133: 110000
C134: 34 | D134: Cemaran Arsen (As) | G134: Per sampel | H134: 160000
C135: 35 | D135: Kadar karbon dioksida (CO2) bebas | G135: Per sampel | H135: 80000
C136: 36 | D136: Kadar oksigen (O2) terlarut awal**) | G136: Per sampel | H136: 80000
C137: 37 | D137: Kadar oksigen (O2) terlarut akhir***) | G137: Per sampel | H137: 80000
B139: 4. | C139: Analisis Pengujian Vanili
C140: 1 | D140: Analisis Bau, Warna, keadaan polong, benda asing, kapang, ukuran polong, ukuran polong terpotong, yang pecah | G140: Per sampel | H140: 100000
C141: 2 | D141: Kadar air (Destilasi) | G141: Per sampel | H141: 150000
C142: 3 | D142: Kadar Abu Total | G142: Per sampel | H142: 100000
C143: 4 | D143: Kadar Vanilin | G143: Per sampel | H143: 120000
B145: 5. | C145: Analisis Pengujian Kopi Bubuk
C146: 1 | D146: Analisis Bau, Rasa, Warna, bahan lain, kapang | G146: Per sampel | H146: 100000
C147: 2 | D147: Kadar Air | G147: Per sampel | H147: 150000
C148: 3 | D148: Kadar Abu | G148: Per sampel | H148: 100000
C149: 4 | D149: Kealkalian abu | G149: Per sampel | H149: 150000
C150: 5 | D150: Kadar Sari kopi | G150: Per sampel | H150: 150000
C151: 6 | D151: Kadar kafein (anhidrat) | G151: Per sampel | H151: 325000
...

Sheet TARIF LAYANAN 2025
A2: UNIVERSITAS SEBELAS MARET
A3: UPT LABORATORIUM TERPADU
A5: NO | B5: JENIS LAYANAN | G5: SATUAN | H5: TARIF (Rp) | I5: KETERANGAN
A6: 1 | B6: LAYANAN PENGUJIAN KUALITAS AIR PER PARAMETER
B7: 1 | C7: Chemical Oxygen Demand (COD) | G7: Per sampel | H7: 100000
B8: 2 | C8: Biological Oxygen Demand (BOD) | G8: Per sampel | H8: 140000
B9: 3 | C9: Sulfida (S) | G9: Per sampel | H9: 150000
B10: 4 | C10: Sianida (CN) | G10: Per sampel | H10: 350000
B11: 5 | C11: Phenol | G11: Per sampel | H11: 300000
B12: 6 | C12: Dissolved Oxygen (DO) | G12: Per sampel | H12: 50000
B13: 7 | C13: Total Padatan Tersuspensi (TSS) | G13: Per sampel | H13: 100000
B14: 8 | C14: Total Padatan Terlarut (TDS) | G14: Per sampel | H14: 100000
B15: 9 | C15: Nitrit (NO2-N) | G15: Per sampel | H15: 90000
B16: 10 | C16: Nitrat (NO3-N) | G16: Per sampel | H16: 90000
B17: 11 | C17: Amonia Total (NH3-N) | G17: Per sampel | H17: 110000
B18: 12 | C18: orto-Phosphat (PO4) | G18: Per sampel | H18: 100000
... B56: 50 | C56: Perak (Ag) | G56: Per sampel | H56: 100000
A58: 2 | B58: LAYANAN PENGUJIAN KUALITAS UDARA PER PARAMETER
B59: 1 | C59: Ozon (O3) | G59: Per sampel | H59: 100000
B60: 2 | C60: Hidrogen sulfida (H2S) | G60: Per sampel | H60: 100000
B61: 3 | C61: Timbal (Pb) | G61: Per sampel | H61: 200000
B62: 4 | C62: Partikel tersuspensi total (TSP) | G62: Per sampel | H62: 200000
B63: 5 | C63: Amonia (NH3) | G63: Per sampel | H63: 150000 | K63: Karena bahan yang digunakan berbeda dengan uji kualitas Air. Dalam tahun yang sama pembuatan tarif penggunaan bahan di udara lebih mahal dari penggunaan bahan untuk air.
B64: 6 | C64: Carbon monoksida (CO) | G64: Per sampel | H64: 90000
B65: 7 | C65: Sulfur dioksida (SO2) | G65: Per sampel | H65: 150000
B66: 8 | C66: Nitrogen dioksida (NO2) | G66: Per sampel | H66: 100000
B68: Layanan pengujian Kebisingan
B69: 1 | C69: Tingkat kebisingan lingkungan | G69: Per sampel | H69: 100000
B70: Layanan pengujian lingkungan kerja
B71: 1 | C71: Intensitas pencahayaan | G71: Per sampel | H71: 100000
A73: 3 | B73: PENGUJIAN PARAMETER HALAL
B74: 1. | C74: Analisis DNA sd PCR | G74: Per sampel | H74: 600000
B75: 2. | C75: Analisis Alkohol kualitatif | G75: Per sampel | H75: 300000
B76: 3. | C76: Analisis Alkohol kuantitatif | G76: Per sampel | H76: 300000
A78: 4 | B78: PENGUJIAN PRODUK
B79: 1. | C79: Analisis APD (kain masker, kain hazmat)
C80: 1 | D80: Uji Anti bakteri APD | G80: Per sampel | H80: 500000
C81: 2 | D81: Uji kedap air APD | G81: Per sampel | H81: 150000
C82: 3 | D82: Uji kedap udara APD | G82: Per sampel | H82: 150000
B84: 2. | C84: Analisis Madu
C85: 1 | D85: Uji Bau Organoleptik | G85: Per sampel | H85: 75000
C86: 2 | D86: Uji Rasa organoleptik | G86: Per sampel | H86: 75000
C87: 3 | D87: Uji Aktivitas enzim diatase | G87: Per sampel | H87: 145000
C88: 4 | D88: Uji Hidroksimetilfurfural (HMF) | G88: Per sampel | H88: 110000
C89: 5 | D89: Uji Gula pereduksi (dihitung sebagai glukosa) | G89: Per sampel | H89: 85000
C90: 6 | D90: Uji Sukrosa (gula sukrosa) | G90: Per sampel | H90: 200000
C91: 7 | D91: Uji keasaman | G91: Per sampel | H91: 30000
C92: 8 | D92: Uji padatan tak larut dalam air | G92: Per sampel | H92: 60000
C93: 9 | D93: Uji Abu (Gravimetri) | G93: Per sampel | H93: 120000 | L93: pengujian menggunakan Gravit
C94: # | D94: Uji Cemaran Timbal (Pb) | G94: Per sampel | H94: 120000 | L94: pengujian menggunakan Gravit
C95: # | D95: Uji Cemaran Kadmium (Cd) | G95: Per sampel | H95: 120000 | L95: pengujian menggunakan Gravit
C96: # | D96: Uji Cemaran Merkuri (Hg) | G96: Per sampel | H96: 300000
C97: # | D97: Uji Cemaran Arsen (As) | G97: Per sampel | H97: 170000 | L97: pengujian menggunakan Gravit
C98: # | D98: Uji Kloramfenikol | G98: Per sampel | H98: 300000 | K98: Subkontrak
C99: # | D99: Uji Angka Lempeng Total (ALT) (maksimal 3 kali pengenceran) | G99: Per sampel | H99: 200000
C100: # | D100: Uji Angka paling mungkin (APM) coliform (maksimal 3 kali pengenceran) | G100: Per sampel | H100: 150000
C101: # | D101: Uji kapang dan khamir (maksimal 3 kali pengenceran) | G101: Per sampel | H101: 200000
B103: 3. | C103: Analisis Air Minum dalam Kemasan (AMDK)
C104: 1 | D104: Uji bau dan rasa | G104: Per sampel | H104: 30000
C105: 2 | D105: pH (derajat keasaman) | G105: Per sampel | H105: 25000
C106: 3 | D106: Warna | G106: Per sampel | H106: 50000
C107: 4 | D107: Kekeruhan | G107: Per sampel | H107: 50000
C108: 5 | D108: Zat yang tidak terlarut (TDS) | G108: Per sampel | H108: 100000
C109: 6 | D109: Zat organik (Angka KMnO4) | G109: Per sampel | H109: 30000 | K109: disubkontrak
C110: 7 | D110: Nitrat (NO3-N) | G110: Per sampel | H110: 90000
C111: 8 | D111: Nitrit (NO2-N) | G111: Per sampel | H111: 90000
C112: 9 | D112: Amonium (NH4+) | G112: Per sampel | H112: 110000
C113: # | D113: Sulfat (SO42-) | G113: Per sampel | H113: 90000
C114: # | D114: Klorida (Cl-) | G114: Per sampel | H114: 80000
C115: # | D115: Fluorida (F) | G115: Per sampel | H115: 150000
C116: # | D116: Sianida (CN) | G116: Per sampel | H116: 350000
C117: # | D117: Besi (Fe) | G117: Per sampel | H117: 90000
C118: # | D118: Mangan (Mn) | G118: Per sampel | H118: 90000
C119: # | D119: Tembaga (Cu) | G119: Per sampel | H119: 90000
C120: # | D120: Merkuri (Hg) | G120: Per sampel | H120: 300000
C121: # | D121: Cemaran mikroba:
C122: # | D122: Angka Lempeng Total awal**) | G122: Per sampel | H122: 200000
C123: # | D123: Angka Lempeng Total akhir***) | G123: Per sampel | H123: 200000
C124: # | D124: Coliform | G124: Per sampel | H124: 150000
C125: # | D125: Pseudomonas aeruginosa | G125: Per sampel | H125: 600000
C126: # | D126: Klor bebas (Cl2) | G126: Per sampel | H126: 60000 | K126: Subkontrak
C127: # | D127: Kromium (Cr) | G127: Per sampel | H127: 110000
C128: # | D128: Barium (Ba) | G128: Per sampel | H128: 110000 | K128: perlu dibelikan standar
C129: # | D129: Boron (B) | G129: Per sampel | H129: 130000
C130: # | D130: Selenium (Se) | G130: Per sampel | H130: 150000 | K130: perlu dibelikan standar
C131: # | D131: Bromat | G131: Per sampel | H131: 400000 | K131: Subkontrak
C132: # | D132: Perak (Ag) | G132: Per sampel | H132: 100000 | K132: perlu dibelikan standar
C133: # | D133: Cemaran logam:
C134: # | D134: Timbal (Pb) | G134: Per sampel | H134: 120000 | K134: Tinjau ulang harga krn mengg Gravit
C135: # | D135: Tembaga (Cu) | G135: Per sampel | H135: 120000 | K135: Tinjau ulang harga krn mengg Gravit
C136: # | D136: Kadmium (Cd) | G136: Per sampel | H136: 120000 | K136: Tinjau ulang harga krn mengg Gravit
C137: # | D137: Cemaran Arsen (As) | G137: Per sampel | H137: 170000 | K137: Tinjau ulang harga krn mengg Gravit
C138: # | D138: Kadar karbon dioksida (CO2) bebas | G138: Per sampel | H138: 80000 | K138: di SHP tidak dikerjakan
C139: # | D139: Kadar oksigen (O2) terlarut awal**) | G139: Per sampel | H139: 80000 | K139: di SHP tidak dikerjakan (sebaiknya dikerjakan)
C140: # | D140: Kadar oksigen (O2) terlarut akhir***) | G140: Per sampel | H140: 80000 | K140: di SHP tidak dikerjakan (sebaiknya dikerjakan)
B142: 4. | C142: Analisis Pengujian Vanili
C143: 1 | D143: Analisis Bau, Warna, keadaan polong, benda asing, kapang, ukuran polong, ukuran polong terpotong, yang pecah | G143: Per sampel | H143: 100000
C144: 2 | D144: Kadar air (Destilasi) | G144: Per sampel | H144: 150000
C145: 3 | D145: Kadar Abu Total | G145: Per sampel | H145: 100000
C146: 4 | D146: Kadar Vanilin | G146: Per sampel | H146: 120000
...

Sheet Harga Bahan
A1: LAMPIRAN TARIF Bahan
A2: UNIVERSITAS SEBELAS MARET
A3: UPT LABORATORIUM TERPADU
A5: No. | B5: Nama Bahan | C5: Cat. | D5: Satuan | E5: Harga Satuan
A6: 1 | B6: n-Hexane | D6: ml | E6: 1000
A7: 2 | B7: ethanol | D7: ml | E7: 1000
A8: 3 | B8: ethyl acetate | D8: ml
A9: 4 | B9: Glacial Acetic Acid | D9: mL | E9: 1000

Sheet Bahan
A1: Hari, Tanggal pembuatan rekap | B1: Pembuat Rekap | C1: Agenda | D1: Nama | E1: NIM | F1: Jurusan/ Fakultas/Univ | G1: Nama Bahan 1 | H1: Jml 1 | I1: Sat 1 | J1: Harga Sat 1 | K1: Harga 1 | L1: Nama Bahan 2 | M1: Jumlah Bahan 2 | N1: Satuan 2 | O1: Harga Satuan 2 | P1: Harga 2 | Q1: Nama Bahan 3 | R1: Jumlah Bahan 3 | S1: Satuan 3 | T1: Harga Satuan 3 | U1: Harga 3 | V1: Nama Bahan 4 | W1: Jumlah Bahan 4 | X1: Satuan 4 | Y1: Harga Satuan 4 | Z1: Harga 4 | AA1: Nama Bahan 5 | AB1: Jumlah Bahan 5 | AC1: Satuan 5 | AD1: Harga Satuan 5 | AE1: Harga 5 | AF1: Nama Bahan 6 | AG1: Jumlah Bahan 6 | AH1: Satuan 6 | AI1: Harga Satuan 6 | AJ1: Harga 6 | AK1: Nama Bahan 7 | AL1: Jumlah Bahan 7 | AM1: Satuan 7 | AN1: Harga Satuan 7 | AO1: Harga 7 | AP1: Nama Bahan 8 | AQ1: Jumlah Bahan 8 | AR1: Satuan 8 | AS1: Harga Satuan 8 | AT1: Harga 8 | AU1: Nama Bahan 9 | AV1: Jumlah Bahan 9 | AW1: Satuan 9 | AX1: Harga Satuan 9 | AY1: Harga 9 | AZ1: Total Harga | BA1: Merged Doc ID - Pembelian Bahan | BB1: Link to merged Doc - Pemakaian Bahan | BC1: Document Merge Status - Pemakaian Bahan | BD1: Merged Doc URL - Pembelian Bahan | BE1: Link to merged Doc - Pembelian Bahan | BF1: Document Merge Status - Pembelian Bahan | BG1: Merged Doc ID - Pemakaian Bahan | BH1: Merged Doc ID - Kuitansi bahan | BI1: Merged Doc URL - Kuitansi bahan | BJ1: Link to merged Doc - Kuitansi bahan | BK1: Document Merge Status - Kuitansi bahan
D2: Adelia Shabeila Gumitha | E2: N16231161 | F2: D4 Analis Kesehatan/Ilmu Kesehatan | G2: Media PDA | H2: 31.2 | I2: gr | L2: Alkohol 96% | M2: 20 | N2: ml | Q2: Kristal Violet | R2: 10 | S2: ml | V2: Iodine | W2: 10 | X2: ml | AA2: Safranin | AB2: 10 | AC2: ml | BH2: 1j3Wq84eEGAML_cJ2WAvg1SiRfeQHYh4F | BI2: https://drive.google.com/file/d/1j3Wq84eEGAML_cJ2WAvg1SiRfeQHYh4F/view?usp=drivesdk | BJ2: =HYPERLINK("https://drive.google.com/file/d/1j3Wq84eEGAML_cJ2WAvg1SiRfeQHYh4F/view?usp=drivesdk","Bahan Adelia Shabeila Gumitha") -> Bahan Adelia Shabeila Gumitha | BK2: Document successfully created; Document successfully merged; PDF created; Manually run by labterpadu.unit.uns@gmail.com; Timestamp: Feb 19 2025 2:07 AM
A3: 45707 | B3: Retno H | D3: Novanda Wisnu Ardhana | E3: H07201227 | F3: FP | G3: Nutrien Agar | H3: 20 | I3: gr | J3: 6000 | K3: =H3*J3 -> 120000 | AZ3: =K3+P3+Z3+AE3+AJ3+AO3+AT3+AY3 -> 120000 | BH3: 1fNmCb1en7iEqUtKoB7d0bDv7RW4Wb5HC | BI3: https://drive.google.com/file/d/1fNmCb1en7iEqUtKoB7d0bDv7RW4Wb5HC/view?usp=drivesdk | BJ3: =HYPERLINK("https://drive.google.com/file/d/1fNmCb1en7iEqUtKoB7d0bDv7RW4Wb5HC/view?usp=drivesdk","Bahan Novanda Wisnu Ardhana") -> Bahan Novanda Wisnu Ardhana | BK3: Document successfully created; Document successfully merged; PDF created; Manually run by labterpadu.unit.uns@gmail.com; Timestamp: Feb 19 2025 2:07 AM
B4: Retno H | D4: Veronika Adien | E4: H0921091 | F4: ITP | G4: MHA | H4: 57 | I4: gr | J4: 7000 | K4: =H4*J4 -> 399000 | AZ4: =K4+P4+Z4+AE4+AJ4+AO4+AT4+AY4 -> 399000 | BH4: 1xIZgW6zqK4QK220PwLOMa1TCo2rqyefN | BI4: https://drive.google.com/file/d/1xIZgW6zqK4QK220PwLOMa1TCo2rqyefN/view?usp=drivesdk | BJ4: =HYPERLINK("https://drive.google.com/file/d/1xIZgW6zqK4QK220PwLOMa1TCo2rqyefN/view?usp=drivesdk","Bahan Veronika Adien ") -> Bahan Veronika Adien | BK4: Document successfully created; Document successfully merged; PDF created; Manually run by labterpadu.unit.uns@gmail.com; Timestamp: May 6 2025 9:22 PM
B5: Retno H | D5: Jasmine Aderia | E5: H0921032 | F5: ITP | G5: NaCl | H5: 0.9 | I5: gr | J5: 3000 | K5: =H5*J5 -> 2700 | L5: Blank Disc | M5: 56 | N5: pcs | O5: 10000 | P5: =O5*M5 -> 560000 | AZ5: =K5+P5+Z5+AE5+AJ5+AO5+AT5+AY5 -> 562700 | BH5: 1gsmso5lws4njxwYzaH4gqv8A_pj0woaD | BI5: https://drive.google.com/file/d/1gsmso5lws4njxwYzaH4gqv8A_pj0woaD/view?usp=drivesdk | BJ5: =HYPERLINK("https://drive.google.com/file/d/1gsmso5lws4njxwYzaH4gqv8A_pj0woaD/view?usp=drivesdk","Bahan Jasmine Aderia") -> Bahan Jasmine Aderia | BK5: Document successfully created; Document successfully merged; PDF created; Manually run by labterpadu.unit.uns@gmail.com; Timestamp: May 6 2025 9:46 PM
B6: Retno H | D6: Rahma Isnaini Puji Astuti | E6: K4321066 | F6: P Biologi/FKIP/UNS | G6: BOD Seed | H6: 1 | I6: kapsul | J6: 90000 | K6: =H6*J6 -> 90000 | L6: H2SO4 | M6: 50 | N6: ml | O6: 1000 | P6: =O6*M6 -> 50000 | Q6: Ag2SO4 | R6: 1 | S6: gr | T6: 90000 | U6: =T6*R6 -> 90000 | V6: Laruatan pereaksi asam | W6: 32 | X6: ml | Y6: 1500 | Z6: =Y6*W6 -> 48000 | AA6: Larutan pencerna rendah | AB6: 14 | AC6: ml | AD6: 1000 | AE6: =AD6*AB6 -> 14000 | AZ6: =K6+P6+U6+Z6+AE6+AJ6+AO6+AT6+AY6 -> 292000 | BH6: 1jIziFdUeycqHguSGINsbst-b4X0N4urB | BI6: https://drive.google.com/file/d/1jIziFdUeycqHguSGINsbst-b4X0N4urB/view?usp=drivesdk | BJ6: =HYPERLINK("https://drive.google.com/file/d/1jIziFdUeycqHguSGINsbst-b4X0N4urB/view?usp=drivesdk","Bahan Rahma Isnaini Puji Astuti") -> Bahan Rahma Isnaini Puji Astuti | BK6: Document successfully created; Document successfully merged; PDF created; Manually run by labterpadu.unit.uns@gmail.com; Timestamp: Jul 21 2025 12:09 AM
B7: Retno H | D7: Aura | E7: J520220074 | F7: FKG/UMS | G7: Glacial Acetic Acid | H7: 10 | I7: mL | J7: 1000 | K7: 10000 | AZ7: 10000 | BH7: 1d33UQqpy93u3uYf_kB_bwp24A0g07lPW | BI7: https://drive.google.com/file/d/1d33UQqpy93u3uYf_kB_bwp24A0g07lPW/view?usp=drivesdk | BJ7: =HYPERLINK("https://drive.google.com/file/d/1d33UQqpy93u3uYf_kB_bwp24A0g07lPW/view?usp=drivesdk","Bahan Aura") -> Bahan Aura | BK7: Document successfully created; Document successfully merged; PDF created; Manually run by labterpadu.unit.uns@gmail.com; Timestamp: Aug 24 2025 11:22 PM
B8: Retno H | D8: Debby Wulan Purnama | E8: H0222031 | F8: FP | G8: Mercury Chloride | H8: 2 | I8: gr | J8: 25000 | AZ8: 50000 | BH8: 14uFk-hsJf63XZ_DyLUqf6cNg5KInyzjS | BI8: https://drive.google.com/file/d/14uFk-hsJf63XZ_DyLUqf6cNg5KInyzjS/view?usp=drivesdk | BJ8: =HYPERLINK("https://drive.google.com/file/d/14uFk-hsJf63XZ_DyLUqf6cNg5KInyzjS/view?usp=drivesdk","Bahan Debby Wulan Purnama") -> Bahan Debby Wulan Purnama | BK8: Document successfully created; Document successfully merged; PDF created; Manually run by labterpadu.unit.uns@gmail.com; Timestamp: Sep 11 2025 3:27 AM
A9: 45940 | B9: Retno H | D9: Nur Laila | F9: FP | G9: LB | H9: 60 | I9: gr | J9: 5000 | K9: 300000 | L9: BGLB | M9: 243.6 | N9: g | O9: 4300 | P9: 1047480 | Q9: EMBA | R9: 85 | S9: 9 | T9: 5800 | U9: 493000 | AZ9: =K9+P9+U9 -> 1840480 | BH9: 1X9NhmzJiMke9g2uVZroxZZLqrTSBz4Eu | BI9: https://drive.google.com/file/d/1X9NhmzJiMke9g2uVZroxZZLqrTSBz4Eu/view?usp=drivesdk | BJ9: =HYPERLINK("https://drive.google.com/file/d/1X9NhmzJiMke9g2uVZroxZZLqrTSBz4Eu/view?usp=drivesdk","Bahan Nur Laila") -> Bahan Nur Laila | BK9: Document successfully created; Document successfully merged; PDF created; Manually run by labterpadu.unit.uns@gmail.com; Timestamp: Oct 10 2025 12:29 AM

Sheet A

Sheet Uji gabungan
A1: Tanggal Map Keluar | B1: Hari, Tanggal pembuatan rekap | C1: Pengujian | D1: Agenda | E1: Nama | F1: NIM/NIP | G1: Fakultas/Univ | H1: Akses Lab | I1: Jumlah Sampel | J1: Uji 1 | K1: Analis1 | L1: Harga_Uji1 | M1: Harga_1 | N1: Uji 2 | O1: Analis2 | P1: Harga_Uji2 | Q1: Harga_2 | R1: Uji 3 | S1: Analsi3 | T1: Harga_Uji3 | U1: Harga_3 | V1: Uji 4 | W1: Analis4 | X1: Harga_Uji4 | Y1: Harga_4 | Z1: Uji 5 | AA1: Analis5 | AB1: Harga_Uji5 | AC1: Harga_5 | AD1: TotalHarga | AE1: Pembuat Rekap | AF1: Merged Doc ID - Uji gabungan | AG1: Merged Doc URL - Uji gabungan | AH1: Link to merged Doc - Uji gabungan | AI1: Document Merge Status - Uji gabungan
A2: Rabu, 24 Septenber 2025 | B2: 45947 | C2: Viskositas, ALT, Homogenitas, berat jenis, pH | D2: 628 | E2: Suyono | F2: - | G2: SMA N 1 Toroh | H2: Tidak Akses | I2: 1 | J2: Viskositas | K2: Agus W | L2: 75000 | M2: =$I$2*L2 -> 75000 | N2: ALT | O2: Galuh Pratiwi | P2: 200000 | Q2: =$I$2*P2 -> 200000 | R2: Homogenitas | S2: Retno Hartati | T2: 50000 | U2: =$I$2*T2 -> 50000 | V2: Berat jenis | W2: Retno Hartati | X2: 50000 | Y2: =$I$2*X2 -> 50000 | Z2: pH (pH stik) | AA2: Retno Hartati | AB2: 15000 | AC2: =$I$2*AB2 -> 15000 | AD2: =M2+Q2+U2+Y2+AC2 -> 390000 | AE2: Retno Hartati | AF2: 1fM5cmc6il8KMDpSkDUz3kglKO-JV-wNi | AG2: https://drive.google.com/file/d/1fM5cmc6il8KMDpSkDUz3kglKO-JV-wNi/view?usp=drivesdk | AH2: =HYPERLINK("https://drive.google.com/file/d/1fM5cmc6il8KMDpSkDUz3kglKO-JV-wNi/view?usp=drivesdk","Uji Gabungan 628") -> Uji Gabungan 628 | AI2: Document successfully created; Document successfully merged; PDF created; Manually run by labterpadu.unit.uns@gmail.com; Timestamp: Oct 17 2025 3:43 AM
A3: 45929 | B3: 45947 | C3: Protein, kadar air | D3: 641 | E3: Hafidz Praba Harjono | F3: 24236 | G3: SMA N 4 Surakarta | H3: Tidak Akses | I3: 8 | J3: Protein | K3: Widyan, Zahra | L3: 150000 | M3: =$I$3*L3 -> 1200000 | N3: Kadar air | O3: Galuh Pratiwi | P3: 100000 | Q3: =$I$3*P3 -> 800000 | AD3: =M3+Q3+U3+Y3+AC3 -> 2000000 | AE3: Retno Hartati | AF3: 1S1T6_mGlvJJdVIAit4pprfv3LxmjSMWn | AG3: https://drive.google.com/file/d/1S1T6_mGlvJJdVIAit4pprfv3LxmjSMWn/view?usp=drivesdk | AH3: =HYPERLINK("https://drive.google.com/file/d/1S1T6_mGlvJJdVIAit4pprfv3LxmjSMWn/view?usp=drivesdk","Uji Gabungan 641") -> Uji Gabungan 641 | AI3: Document successfully created; Document successfully merged; PDF created; Manually run by labterpadu.unit.uns@gmail.com; Timestamp: Oct 17 2025 3:58 AM
A4: 45947 | B4: 45947 | C4: Homogenitas, pH | D4: 687 | E4: Wahyu Putri Lestari,M.Pd. | F4: - | G4: - | H4: Tidak Akses | I4: 1 | J4: Homogenitas | K4: Zahra | L4: 50000 | M4: =I4*L4 -> 50000 | N4: pH | O4: Zahra | P4: 50000 | Q4: =$I$4*P4 -> 50000 | AD4: =M4+Q4+U4+Y4+AC4 -> 100000 | AE4: Retno Hartati | AF4: 1Z8pLrjTgOkJCu5FwYY6EoIfdbY-9SEWm | AG4: https://drive.google.com/file/d/1Z8pLrjTgOkJCu5FwYY6EoIfdbY-9SEWm/view?usp=drivesdk | AH4: =HYPERLINK("https://drive.google.com/file/d/1Z8pLrjTgOkJCu5FwYY6EoIfdbY-9SEWm/view?usp=drivesdk","Uji Gabungan 687") -> Uji Gabungan 687 | AI4: Document successfully created; Document successfully merged; PDF created; Manually run by labterpadu.unit.uns@gmail.com; Timestamp: Oct 17 2025 3:59 AM
A5: Rabu, 23 Septenber 2025 | B5: 45967 | C5: Anti Bakteri MIC | D5: 620 | E5: Dessy Natasya | F5: 4311421058 | G5: Univ. Negeri Semarang | H5: Tidak Akses | I5: 51 | J5: Sampel MIC | K5: Pratiwi | L5: 25000 | M5: =I5*L5 -> 1275000 | AD5: =M5+Q5+U5+Y5+AC5 -> 1275000 | AE5: Retno Hartati | AF5: 1_J3w2KBjCnTUSpCEHxL2dyjJW19D8pyK | AG5: https://drive.google.com/file/d/1_J3w2KBjCnTUSpCEHxL2dyjJW19D8pyK/view?usp=drivesdk | AH5: =HYPERLINK("https://drive.google.com/file/d/1_J3w2KBjCnTUSpCEHxL2dyjJW19D8pyK/view?usp=drivesdk","Uji Gabungan 620") -> Uji Gabungan 620 | AI5: Document successfully created; Document successfully merged; PDF created; Manually run by labterpadu.unit.uns@gmail.com; Timestamp: Nov 6 2025 2:07 AM
A6: Rabu, 23 Septenber 2026 | B6: 45967 | C6: Anti Bakteri MIC | D6: 621 | E6: Wildan Arrofi | F6: 4311421078 | G6: Univ. Negeri Semarang | H6: Tidak Akses | I6: 15 | J6: Sampel MIC | K6: Pratiwi | L6: 25000 | M6: =I6*L6 -> 375000 | AD6: =M6+Q6+U6+Y6+AC6 -> 375000 | AE6: Retno Hartati | AF6: 17_hli0vi4KzTK8xNPmFiOqo4-6DKOZaS | AG6: https://drive.google.com/file/d/17_hli0vi4KzTK8xNPmFiOqo4-6DKOZaS/view?usp=drivesdk | AH6: =HYPERLINK("https://drive.google.com/file/d/17_hli0vi4KzTK8xNPmFiOqo4-6DKOZaS/view?usp=drivesdk","Uji Gabungan 621") -> Uji Gabungan 621 | AI6: Document successfully created; Document successfully merged; PDF created; Manually run by labterpadu.unit.uns@gmail.com; Timestamp: Nov 6 2025 2:07 AM
A7: 45921 | B7: 45971 | C7: Protein | D7: 615 | E7: Angelica Kusumaningtyas | F7: 22600017 | G7: Teknologi Pangan/Fakultas Teknologi dan Industri Pangan/Universitas Slamet Riyadi Surakarta | H7: Tidak Akses | I7: 15 | J7: Protein | K7: Widyan, Zahra | L7: 150000 | M7: =I7*L7 -> 2250000 | AD7: =M7+Q7+U7+Y7+AC7 -> 2250000 | AE7: Retno Hartati | AF7: 1ouHjvFXCe_JugbMGkcH1TRCjtdnw0B-W | AG7: https://drive.google.com/file/d/1ouHjvFXCe_JugbMGkcH1TRCjtdnw0B-W/view?usp=drivesdk | AH7: =HYPERLINK("https://drive.google.com/file/d/1ouHjvFXCe_JugbMGkcH1TRCjtdnw0B-W/view?usp=drivesdk","Uji Gabungan 615") -> Uji Gabungan 615 | AI7: Document successfully created; Document successfully merged; PDF created; Manually run by labterpadu.unit.uns@gmail.com; Timestamp: Nov 13 2025 12:36 AM
A8: 45975 | B8: 45982 | C8: Protein | D8: 765 | E8: Ahmad Ananda Daffa Pratama | F8: F0224108 | G8: Manajemen / Ekonomi dan Bisnis / UNS | H8: Tidak Akses | I8: 1 | J8: Protein | K8: Retno | L8: 150000 | M8: =I8*L8 -> 150000 | AD8: =M8+Q8+U8+Y8+AC8 -> 150000 | AE8: Retno Hartati | AF8: 1N7TycLYkagmRjLZJn4Dag_O6E6vPZcYQ | AG8: https://drive.google.com/file/d/1N7TycLYkagmRjLZJn4Dag_O6E6vPZcYQ/view?usp=drivesdk | AH8: =HYPERLINK("https://drive.google.com/file/d/1N7TycLYkagmRjLZJn4Dag_O6E6vPZcYQ/view?usp=drivesdk","Uji Gabungan 765") -> Uji Gabungan 765 | AI8: Document successfully created; Document successfully merged; PDF created; Manually run by labterpadu.unit.uns@gmail.com; Timestamp: Nov 21 2025 2:01 AM

Sheet Regenerasi
A1: Tanggal Map Keluar | B1: Hari, Tanggal pembuatan rekap | C1: Agenda | D1: Nama | E1: NIM/NIP | F1: Fakultas/Univ | G1: Akses Lab | H1: Proses | I1: Analis | J1: Jumlah Sampel | K1: Harga per sampel | L1: Total Harga | M1: Pembuat Rekap | N1: Merged Doc ID - Regenerasi Bakteri | O1: Merged Doc URL - Regenerasi Bakteri | P1: Link to merged Doc - Regenerasi Bakteri | Q1: Document Merge Status - Regenerasi Bakteri
A2: 45726 | B2: 45730 | C2: 156 | D2: Fitria Mayasari | E2: 4211069 | F2: STIKES Nasional | G2: Tidak Akses | H2: Regenerasi Bakteri P aerugenosa | I2: Galuh Pratiwi | J2: 1 | K2: 300000 | L2: =J2*K2 -> 300000 | M2: Retno Hartati | N2: 1EgjzUUyiFNNVGEw4u4e4-vFrnovJKPBV | O2: https://drive.google.com/file/d/1EgjzUUyiFNNVGEw4u4e4-vFrnovJKPBV/view?usp=drivesdk | P2: =HYPERLINK("https://drive.google.com/file/d/1EgjzUUyiFNNVGEw4u4e4-vFrnovJKPBV/view?usp=drivesdk","Regenerasi_Fitria Mayasari") -> Regenerasi_Fitria Mayasari | Q2: Document successfully created; Document successfully merged; PDF created; Manually run by labterpadu.unit.uns@gmail.com; Timestamp: Mar 13 2025 9:52 PM
A3: 45730 | B3: 45734 | C3: 166 | D3: Afifah Ambar Maharani | E3: 4211002 | F3: S1 Farmasi | G3: Tidak Akses | H3: Regenerasi Bakteri S. aureus | I3: Galuh Pratiwi | J3: 1 | K3: 300000 | L3: =J3*K3 -> 300000 | M3: Retno Hartati | N3: 1az1dqMf8Z9wkDk1tfCI0lXptSGLh8GxF | O3: https://drive.google.com/file/d/1az1dqMf8Z9wkDk1tfCI0lXptSGLh8GxF/view?usp=drivesdk | P3: =HYPERLINK("https://drive.google.com/file/d/1az1dqMf8Z9wkDk1tfCI0lXptSGLh8GxF/view?usp=drivesdk","Regenerasi_Afifah Ambar Maharani") -> Regenerasi_Afifah Ambar Maharani | Q3: Document successfully created; Document successfully merged; PDF created; Manually run by labterpadu.unit.uns@gmail.com; Timestamp: Mar 17 2025 9:39 PM
A4: 45737 | B4: 45737 | C4: 176 | D4: Intan Nuraini | E4: M0421028 | F4: FMIPA/Biologi | G4: Akses Lab | H4: Regenerasi Bakteri E.coli | I4: Galuh Pratiwi | J4: 1 | K4: 300000 | L4: =J4*K4 -> 300000 | M4: Retno Hartati | N4: 1_HtZ58MDGsSfsIjaoCkjO7P3I_7sc0iH | O4: https://drive.google.com/file/d/1_HtZ58MDGsSfsIjaoCkjO7P3I_7sc0iH/view?usp=drivesdk | P4: =HYPERLINK("https://drive.google.com/file/d/1_HtZ58MDGsSfsIjaoCkjO7P3I_7sc0iH/view?usp=drivesdk","Regenerasi_Intan Nuraini") -> Regenerasi_Intan Nuraini | Q4: Document successfully created; Document successfully merged; PDF created; Manually run by labterpadu.unit.uns@gmail.com; Timestamp: Mar 20 2025 10:57 PM
A5: 45737 | B5: 45762 | C5: 181 | D5: Veronika Adien Arthamarchia | E5: H0921091 | F5: ITP Pertanian UNS | G5: Akses | H5: Regenerasi Bakteri E.coli | I5: Galuh Pratiwi | J5: 1 | K5: 300000 | L5: =J5*K5 -> 300000 | M5: Retno Hartati | N5: 1_lkezOOvx2TrYkdLPU3hmeMJDAkn8iw2 | O5: https://drive.google.com/file/d/1_lkezOOvx2TrYkdLPU3hmeMJDAkn8iw2/view?usp=drivesdk | P5: =HYPERLINK("https://drive.google.com/file/d/1_lkezOOvx2TrYkdLPU3hmeMJDAkn8iw2/view?usp=drivesdk","Regenerasi_Veronika Adien Arthamarchia") -> Regenerasi_Veronika Adien Arthamarchia | Q5: Document successfully created; Document successfully merged; PDF created; Manually run by labterpadu.unit.uns@gmail.com; Timestamp: Apr 14 2025 10:35 PM
A6: 45737 | B6: 45762 | C6: 182 | D6: Jasmine Aderia | E6: H0921032 | F6: ITP Pertanian UNS | G6: Akses | H6: Regenerasi Bakteri S.aureus | I6: Galuh Pratiwi | J6: 1 | K6: 300000 | L6: =J6*K6 -> 300000 | M6: Retno Hartati | N6: 1p_7d7Ep0UDGgGJIR32PN2KG_kC5EV934 | O6: https://drive.google.com/file/d/1p_7d7Ep0UDGgGJIR32PN2KG_kC5EV934/view?usp=drivesdk | P6: =HYPERLINK("https://drive.google.com/file/d/1p_7d7Ep0UDGgGJIR32PN2KG_kC5EV934/view?usp=drivesdk","Regenerasi_Jasmine Aderia") -> Regenerasi_Jasmine Aderia | Q6: Document successfully created; Document successfully merged; PDF created; Manually run by labterpadu.unit.uns@gmail.com; Timestamp: Apr 14 2025 10:42 PM
A7: 45820 | B7: 45820 | C7: 385 | D7: Wardah Radhwa Hafizhah | E7: M0421077 | F7: Biologi / FMIPA / UNS | G7: Tidak Akses | H7: Regenerasi Bakteri S.aureus | I7: Galuh Pratiwi | J7: 1 | K7: 300000 | L7: =J7*K7 -> 300000 | M7: Retno Hartati | N7: 1Zv721vZXAzVEpZ1RDg4c_Jd7DHyqBdZD | O7: https://drive.google.com/file/d/1Zv721vZXAzVEpZ1RDg4c_Jd7DHyqBdZD/view?usp=drivesdk | P7: =HYPERLINK("https://drive.google.com/file/d/1Zv721vZXAzVEpZ1RDg4c_Jd7DHyqBdZD/view?usp=drivesdk","Regenerasi_Wardah Radhwa Hafizhah") -> Regenerasi_Wardah Radhwa Hafizhah | Q7: Document successfully created; Document successfully merged; PDF created; Manually run by labterpadu.unit.uns@gmail.com; Timestamp: Jun 12 2025 2:33 AM
A8: 45901 | B8: 45904 | C8: 567 | D8: Alfaira Nur Kamila | E8: 8973 | F8: MAN 2 Surakarta | G8: Akses | H8: Regenerasi Bakteri S.aureus | I8: Galuh Pratiwi | J8: 1 | K8: 300000 | L8: =J8*K8 -> 300000 | M8: Retno Hartati | N8: 1mCeHwdA4aWtwlbWPRRoe8jQ66fGqH2rS | O8: https://drive.google.com/file/d/1mCeHwdA4aWtwlbWPRRoe8jQ66fGqH2rS/view?usp=drivesdk | P8: =HYPERLINK("https://drive.google.com/file/d/1mCeHwdA4aWtwlbWPRRoe8jQ66fGqH2rS/view?usp=drivesdk","Regenerasi_Alfaira Nur Kamila") -> Regenerasi_Alfaira Nur Kamila | Q8: Document successfully created; Document successfully merged; PDF created; Manually run by labterpadu.unit.uns@gmail.com; Timestamp: Sep 4 2025 12:30 AM
A9: 45922 | B9: 45930 | C9: 616 | D9: Esti Margi Utami | E9: - | F9: SMA SEMESTA SEMARANG | G9: Tidak Akses | H9: Regenerasi Jamur | I9: Galuh Pratiwi | J9: 1 | K9: 300000 | L9: =J9*K9 -> 300000 | M9: Retno Hartati | N9: 11LC2kVe_labbfvLlBwFEWVDJNB9cx_kd | O9: https://drive.google.com/file/d/11LC2kVe_labbfvLlBwFEWVDJNB9cx_kd/view?usp=drivesdk | P9: =HYPERLINK("https://drive.google.com/file/d/11LC2kVe_labbfvLlBwFEWVDJNB9cx_kd/view?usp=drivesdk","Regenerasi_Esti Margi Utami") -> Regenerasi_Esti Margi Utami | Q9: Document successfully created; Document successfully merged; PDF created; Manually run by labterpadu.unit.uns@gmail.com; Timestamp: Sep 30 2025 12:36 AM

Sheet Fitokimia
A1: Tanggal Map Keluar | B1: Hari, Tanggal pembuatan rekap | C1: Agenda | D1: Nama | E1: NIM/NIP | F1: Fakultas/Univ | G1: Akses Lab | H1: Uji | I1: Analis | J1: Jumlah Sampel | K1: Harga per sampel | L1: Total Harga | M1: Pembuat Rekap | N1: Merged Doc ID - Fitokimia | O1: Merged Doc URL - Fitokimia | P1: Link to merged Doc - Fitokimia | Q1: Document Merge Status - Fitokimia
A2: 45805 | B2: 45810 | C2: 337 | D2: Sarah Albelita Purba | E2: I0522097 | F2: Teknik/Teknik Kimia | G2: Tidak Akses | H2: Screening Alkaloid dan Flavonoid | I2: Galuh Pratiwi | J2: 2 | K2: 60000 | L2: =J2*K2 -> 120000 | M2: Retno Hartati | N2: 1qqJsS7Dh2Uvv9YyFslfT_ehCTDxp9J3O | O2: https://drive.google.com/file/d/1qqJsS7Dh2Uvv9YyFslfT_ehCTDxp9J3O/view?usp=drivesdk | P2: =HYPERLINK("https://drive.google.com/file/d/1qqJsS7Dh2Uvv9YyFslfT_ehCTDxp9J3O/view?usp=drivesdk","Fitokimia_337") -> Fitokimia_337 | Q2: Document successfully created; Document successfully merged; PDF created; Manually run by labterpadu.unit.uns@gmail.com; Timestamp: Jun 2 2025 2:51 AM

Sheet Penggunaan Alat
A1: LAMPIRAN TARIF LAYANAN PENUNJANG AKADEMIK
A2: UNIVERSITAS SEBELAS MARET
A3: UPT LABORATORIUM TERPADU
A5: No. | B5: JENIS LAYANAN | G5: SATUAN | H5: TARIF (Rp)
A6: 1 | B6: LAYANAN PENGUJIAN KUALITAS AIR PER PARAMETER
B7: 1 | C7: Chemical Oxygen Demand (COD) | G7: Per sampel | H7: 100000
B8: 2 | C8: Biological Oxygen Demand (BOD) | G8: Per sampel | H8: 140000
B9: 3 | C9: Sulfida (S) | G9: Per sampel | H9: 150000
B10: 4 | C10: Sianida (CN) | G10: Per sampel | H10: 350000
B11: 5 | C11: Phenol | G11: Per sampel | H11: 300000
B12: 6 | C12: Dissolved Oxygen (DO) | G12: Per sampel | H12: 50000
B13: 7 | C13: Total Padatan Tersuspensi (TSS) | G13: Per sampel | H13: 100000
B14: 8 | C14: Total Padatan Terlarut (TDS) | G14: Per sampel | H14: 100000
B15: 9 | C15: Nitrit (NO2-N) | G15: Per sampel | H15: 90000
B16: 10 | C16: Nitrat (NO3-N) | G16: Per sampel | H16: 90000
B17: 11 | C17: Amonia Total (NH3-N) | G17: Per sampel | H17: 110000
B18: 12 | C18: orto-Phosphat (PO4) | G18: Per sampel | H18: 100000
... B54: 48 | C54: Perak (Ag) | G54: Per sampel | H54: 100000
A55: 2 | B55: LAYANAN PENGUJIAN KUALITAS UDARA PER PARAMETER
B56: 1 | C56: Ozon (O3) | G56: Per sampel | H56: 100000
B57: 2 | C57: Hidrogen sulfida (H2S) | G57: Per sampel | H57: 100000
B58: 3 | C58: Timbal (Pb) | G58: Per sampel | H58: 200000
B59: 4 | C59: Partikel tersuspensi total (TSP) | G59: Per sampel | H59: 200000
B60: 5 | C60: Amonia (NH3) | G60: Per sampel | H60: 150000
B61: 6 | C61: Carbon monoksida (CO) | G61: Per sampel | H61: 90000
B62: 7 | C62: Sulfur dioksida (SO2) | G62: Per sampel | H62: 150000
B63: 8 | C63: Nitrogen dioksida (NO2) | G63: Per sampel | H63: 100000
B65: Layanan pengujian Kebisingan
B66: 1 | C66: Tingkat kebisingan lingkungan | G66: Per sampel | H66: 100000
B67: Layanan pengujian lingkungan kerja
B68: 1 | C68: Intensitas pencahayaan | G68: Per sampel | H68: 100000
A70: 3 | B70: PENGUJIAN PARAMETER HALAL
B71: 1. | C71: Analisis DNA sd PCR | G71: Per sampel | H71: 600000
B72: 2. | C72: Analisis Alkohol kualitatif | G72: Per sampel | H72: 300000
B73: 3. | C73: Analisis Alkohol kuantitatif | G73: Per sampel | H73: 300000
A75: 4 | B75: PENGUJIAN PRODUK
B76: 1. | C76: Analisis APD (kain masker, kain hazmat)
C77: 1 | D77: Uji Anti bakteri APD | G77: Per sampel | H77: 500000
C78: 2 | D78: Uji kedap air APD | G78: Per sampel | H78: 150000
C79: 3 | D79: Uji kedap udara APD | G79: Per sampel | H79: 150000
B81: 2. | C81: Analisis Madu
C82: 1 | D82: Uji Bau Organoleptik | G82: Per sampel | H82: 75000
C83: 2 | D83: Uji Rasa organoleptik | G83: Per sampel | H83: 75000
C84: 3 | D84: Uji Aktivitas enzim diatase | G84: Per sampel | H84: 145000
C85: 4 | D85: Uji Hidroksimetilfurfural (HMF) | G85: Per sampel | H85: 110000
C86: 5 | D86: Uji Gula pereduksi (dihitung sebagai glukosa) | G86: Per sampel | H86: 85000
C87: 6 | D87: Uji Sukrosa (gula sukrosa) | G87: Per sampel | H87: 220000
C88: 7 | D88: Uji keasaman | G88: Per sampel | H88: 30000
C89: 8 | D89: Uji padatan tak larut dalam air | G89: Per sampel | H89: 60000
C90: 9 | D90: Uji Abu (Gravimetri) | G90: Per sampel | H90: 80000
C91: 10 | D91: Uji Cemaran Timbal (Pb) | G91: Per sampel | H91: 100000
C92: 11 | D92: Uji Cemaran Kadmium (Cd) | G92: Per sampel | H92: 100000
C93: 12 | D93: Uji Cemaran Merkuri (Hg) | G93: Per sampel | H93: 300000
... C98: 17 | D98: Uji kapang dan khamir | G98: Per sampel | H98: 150000
B100: 3. | C100: Analisis Air Minum dalam Kemasan (AMDK)
C101: 1 | D101: Uji bau dan rasa | G101: Per sampel | H101: 30000
C102: 2 | D102: pH (derajat keasaman) | G102: Per sampel | H102: 25000
C103: 3 | D103: Warna | G103: Per sampel | H103: 50000
C104: 4 | D104: Kekeruhan | G104: Per sampel | H104: 50000
C105: 5 | D105: Zat yang tidak terlarut | G105: Per sampel | H105: 100000
C106: 6 | D106: Zat organik (Angka KMnO4) | G106: Per sampel | H106: 30000
C107: 7 | D107: Nitrat (NO3-N) | G107: Per sampel | H107: 90000
C108: 8 | D108: Nitrit (NO2-N) | G108: Per sampel | H108: 90000
C109: 9 | D109: Amonium (NH4+) | G109: Per sampel | H109: 110000
C110: 10 | D110: Sulfat (SO42-) | G110: Per sampel | H110: 90000
C111: 11 | D111: Klorida (Cl-) | G111: Per sampel | H111: 80000
C112: 12 | D112: Fluorida (F) | G112: Per sampel | H112: 150000
... C117: 17 | D117: Merkuri (Hg) | G117: Per sampel | H117: 300000
C118: 18 | D118: Cemaran mikroba:
C119: 19 | D119: Angka Lempeng Total awal**) | G119: Per sampel | H119: 200000
C120: 20 | D120: Angka Lempeng Total akhir***) | G120: Per sampel | H120: 200000
C121: 21 | D121: Coliform | G121: Per sampel | H121: 150000
C122: 22 | D122: Pseudomonas aeruginosa | G122: Per sampel | H122: 600000
C123: 23 | D123: Klor bebas (Cl2) | G123: Per sampel | H123: 60000
C124: 24 | D124: Kromium (Cr) | G124: Per sampel | H124: 110000
C125: 25 | D125: Barium (Ba) | G125: Per sampel | H125: 110000
C126: 26 | D126: Boron (B) | G126: Per sampel | H126: 130000
C127: 27 | D127: Selenium (Se) | G127: Per sampel | H127: 150000
C128: 28 | D128: Bromat | G128: Per sampel | H128: 400000
C129: 29 | D129: Perak (Ag) | G129: Per sampel | H129: 100000
C130: 30 | D130: Cemaran logam:
C131: 31 | D131: Timbal (Pb) | G131: Per sampel | H131: 110000
C132: 32 | D132: Tembaga (Cu) | G132: Per sampel | H132: 110000
C133: 33 | D133: Kadmium (Cd) | G133: Per sampel | H133: 110000
C134: 34 | D134: Cemaran Arsen (As) | G134: Per sampel | H134: 160000
C135: 35 | D135: Kadar karbon dioksida (CO2) bebas | G135: Per sampel | H135: 80000
C136: 36 | D136: Kadar oksigen (O2) terlarut awal**) | G136: Per sampel | H136: 80000
C137: 37 | D137: Kadar oksigen (O2) terlarut akhir***) | G137: Per sampel | H137: 80000
B139: 4. | C139: Analisis Pengujian Vanili
C140: 1 | D140: Analisis Bau, Warna, keadaan polong, benda asing, kapang, ukuran polong, ukuran polong terpotong, yang pecah | G140: Per sampel | H140: 100000
C141: 2 | D141: Kadar air (Destilasi) | G141: Per sampel | H141: 150000
C142: 3 | D142: Kadar Abu Total | G142: Per sampel | H142: 100000
C143: 4 | D143: Kadar Vanilin | G143: Per sampel | H143: 120000
B145: 5. | C145: Analisis Pengujian Kopi Bubuk
C146: 1 | D146: Analisis Bau, Rasa, Warna, bahan lain, kapang | G146: Per sampel | H146: 100000
C147: 2 | D147: Kadar Air | G147: Per sampel | H147: 150000
C148: 3 | D148: Kadar Abu | G148: Per sampel | H148: 100000
C149: 4 | D149: Kealkalian abu | G149: Per sampel | H149: 150000
C150: 5 | D150: Kadar Sari kopi | G150: Per sampel | H150: 150000
C151: 6 | D151: Kadar kafein (anhidrat) | G151: Per sampel | H151: 325000
...

Sheet Ekstraksi
A1: Tanggal Map Keluar | B1: Hari, Tanggal pembuatan rekap | C1: Agenda | D1: Nama | E1: NIM/NIP | F1: Fakultas/Univ | G1: Akses Lab | H1: Proses | I1: Analis | J1: Jumlah Sampel | K1: Harga per sampel | L1: Total Harga | M1: Pembuat Rekap | N1: Merged Doc ID - Ekstraksi | O1: Merged Doc URL - Ekstraksi | P1: Link to merged Doc - Ekstraksi | Q1: Document Merge Status - Ekstraksi
A2: 45670 | B2: 45714 | C2: 013 | D2: Joko Ariyanto | E2: T770210002 | F2: Pendidikan Biologi/UNS | G2: Tidak Akses | H2: Maserasi & EKstraksi | I2: Galuh Pratiwi | J2: 6 | K2: 500000 | L2: =J2*K2 -> 3000000 | M2: Retno Hartati | N2: 1uCAxmB5Y2TkcVhQf03UHQ3nl104pe2ph | O2: https://drive.google.com/file/d/1uCAxmB5Y2TkcVhQf03UHQ3nl104pe2ph/view?usp=drivesdk | P2: =HYPERLINK("https://drive.google.com/file/d/1uCAxmB5Y2TkcVhQf03UHQ3nl104pe2ph/view?usp=drivesdk","Ekstraksi_013") -> Ekstraksi_013 | Q2: Document successfully created; Document successfully merged; PDF created; Manually run by labterpadu.unit.uns@gmail.com; Timestamp: Feb 25 2025 10:03 PM

Sheet Organoleptik
A1: Tanggal Map Keluar | B1: Hari, Tanggal pembuatan rekap | C1: Agenda | D1: Nama | E1: NIM/NIP | F1: Fakultas/Univ | G1: Akses Lab | H1: Pengujian | I1: Analis | J1: Jumlah Sampel | K1: Harga per sampel | L1: Harga total | M1: Pembuat Rekap | N1: Merged Doc ID - Organoleptik | O1: Merged Doc URL - Organoleptik | P1: Link to merged Doc - Organoleptik | Q1: Document Merge Status - Organoleptik
A2: 45834 | B2: 45965 | C2: 436 | D2: Widya Mudyantini | E2: 197305051999032001 | F2: Biologi-FMIPA | G2: Tidak Akses | H2: Organoleptik | I2: Retno | J2: 3 | K2: 100000 | L2: =J2*K2 -> 300000 | M2: Retno | N2: 1fM9po5ZwdyrPXRQxsno2qdndXPeyCE5W | O2: https://drive.google.com/file/d/1fM9po5ZwdyrPXRQxsno2qdndXPeyCE5W/view?usp=drivesdk | P2: =HYPERLINK("https://drive.google.com/file/d/1fM9po5ZwdyrPXRQxsno2qdndXPeyCE5W/view?usp=drivesdk","Organoleptik_<Agenda>>") -> Organoleptik_<Agenda>> | Q2: Document successfully created; Document successfully merged; PDF created; Manually run by labterpadu.unit.uns@gmail.com; Timestamp: Nov 5 2025 12:00 AM

Sheet GC-MS
A1: Tanggal Map Keluar | B1: Hari, Tanggal pembuatan rekap | C1: Agenda | D1: Nama | E1: NIM/NIP | F1: Fakultas/Univ | G1: Akses Lab | H1: Instrument | I1: Operator | J1: Jumlah Sampel | K1: Harga per sampel | L1: Harga total | M1: Waktu retensi | N1: Persiapan instrument | O1: Preparasi sampel | P1: Blank | Q1: Pengukuran sampel | R1: Pengolahan data | S1: Mematikan instrument | T1: Total waktu pengerjaan | U1: Jumlah Syringe | V1: Harga_1 | W1: Total_1 | X1: Jumlah Whatman (50 k) / Nylon (30 k) | Y1: Harga_2 | Z1: Total_2 | AA1: Pelarut | AB1: Volume | AC1: Harga_3 | AD1: Total_3 | AE1: Total_Bahan | AF1: Pembuat Rekap | AG1: Merged Doc ID - Rekap GC-MS | AH1: Merged Doc URL - Rekap GC-MS | AI1: Link to merged Doc - Rekap GC-MS | AJ1: Document Merge Status - Rekap GC-MS
A2: 45520 | B2: 45531 | C2: 720 | D2: Nanda Dewi R | E2: 23175290A | F2: Farmasi/Universitas Setia Budi | G2: Tidak Akses | H2: GC-MS | I2: Dendy | J2: 1 | K2: 400000 | M2: 38 + 7 | N2: 60 | O2: 20 | P2: 45 | Q2: 45 | R2: 30 | S2: 60 | T2: =SUM(N2:S2) -> 260 | AF2: Retno H | AG2: 1YQu1FuyLYYFpQ5tlbxyPx2PVPInH-Ye8 | AH2: https://drive.google.com/file/d/1YQu1FuyLYYFpQ5tlbxyPx2PVPInH-Ye8/view?usp=drivesdk | AI2: =HYPERLINK("https://drive.google.com/file/d/1YQu1FuyLYYFpQ5tlbxyPx2PVPInH-Ye8/view?usp=drivesdk","GC-MS_Nanda Dewi R_720") -> GC-MS_Nanda Dewi R_720 | AJ2: Document successfully created; Document successfully merged; PDF created; Manually run by labterpadu.unit.uns@gmail.com; Timestamp: Nov 8 2024 2:27 AM
AG3: 1_ApHqvZC52h7o3wXMli_sun_ConK9Huw | AH3: https://drive.google.com/file/d/1_ApHqvZC52h7o3wXMli_sun_ConK9Huw/view?usp=drivesdk | AI3: =HYPERLINK("https://drive.google.com/file/d/1_ApHqvZC52h7o3wXMli_sun_ConK9Huw/view?usp=drivesdk","GC-MS_Contoh_7xx") -> GC-MS_Contoh_7xx | AJ3: Document successfully created; Document successfully merged; PDF created; Manually run by labterpadu.unit.uns@gmail.com; Timestamp: Nov 8 2024 2:27 AM
A4: 45589 | B4: 45607 | C4: 847 | D4: Mazlan | E4: T742208002 | F4: Pascasarjana | G4: Akses | H4: GC-MS | I4: Dendy | J4: 3 | K4: 400000 | M4: 70 + 15 | N4: 60 | O4: 60 | P4: 85 | Q4: 255 | R4: 90 | S4: 60 | T4: =SUM(N4:S4) -> 610 | U4: 3 | X4: 3 | AA4: n-heksana | AB4: 30 ml | AF4: Retno H | AG4: 1P9V0ZfzjrEUe4ja4Az1Tcbu5SuLJ3t26 | AH4: https://drive.google.com/file/d/1P9V0ZfzjrEUe4ja4Az1Tcbu5SuLJ3t26/view?usp=drivesdk | AI4: =HYPERLINK("https://drive.google.com/file/d/1P9V0ZfzjrEUe4ja4Az1Tcbu5SuLJ3t26/view?usp=drivesdk","GC-MS_Mazlan_847") -> GC-MS_Mazlan_847 | AJ4: Document successfully created; Document successfully merged; PDF created; Manually run by labterpadu.unit.uns@gmail.com; Timestamp: Nov 8 2024 2:33 AM
A5: 45590 | B5: 45607 | C5: 850 | D5: Nindy Samira Rahmi | E5: M0321049 | F5: Kimia/MIPA/UNS | G5: Akses | H5: GC-MS | I5: Dendy | J5: 1 | K5: 400000 | M5: 45 + 15 | N5: 60 | O5: - | P5: 60 | Q5: 60 | R5: 30 | S5: 60 | T5: =SUM(N5:S5) -> 270 | U5: 0 | X5: 0 | AA5: - | AB5: 0 | AF5: Retno H | AG5: 1gDuKlRNUq1dpYf_z2PlFvdkuI_bL_dZu | AH5: https://drive.google.com/file/d/1gDuKlRNUq1dpYf_z2PlFvdkuI_bL_dZu/view?usp=drivesdk | AI5: =HYPERLINK("https://drive.google.com/file/d/1gDuKlRNUq1dpYf_z2PlFvdkuI_bL_dZu/view?usp=drivesdk","GC-MS_Nindy Samira Rahmi _850") -> GC-MS_Nindy Samira Rahmi _850 | AJ5: Document successfully created; Document successfully merged; PDF created; Manually run by labterpadu.unit.uns@gmail.com; Timestamp: Nov 8 2024 2:30 AM
A6: 45589 | B6: 45611 | C6: 846 | D6: Halim Maylano | E6: K3321031 | F6: Pendidikan Kimia | G6: Akses | H6: GC-MS | I6: Dendy | J6: 4 | K6: 400000 | M6: 15 + 15 | N6: 60 | O6: 60 | P6: 30 | Q6: 120 | R6: 120 | S6: 60 | T6: =SUM(N6:S6) -> 450 | U6: 4 | X6: 3 | AA6: n-heksana | AB6: 30 ml | AF6: Retno H | AG6: 1RiuTuwmzo6O7qQAcJd-UKR7Doz5pAEiA | AH6: https://drive.google.com/file/d/1RiuTuwmzo6O7qQAcJd-UKR7Doz5pAEiA/view?usp=drivesdk | AI6: =HYPERLINK("https://drive.google.com/file/d/1RiuTuwmzo6O7qQAcJd-UKR7Doz5pAEiA/view?usp=drivesdk","GC-MS_Halim Maylano_846") -> GC-MS_Halim Maylano_846 | AJ6: Document successfully created; Document successfully merged; PDF created; Manually run by labterpadu.unit.uns@gmail.com; Timestamp: Nov 18 2024 12:36 AM
A7: 45617 | B7: 45630 | C7: 891 | D7: Mazlan | E7: T742208002 | F7: Pascasarjana | G7: Akses | H7: GC-MS | I7: Dendy | J7: 3 | K7: 400000 | M7: 70 + 15 | N7: 60 | O7: 60 | P7: 85 | Q7: 255 | R7: 90 | S7: 60 | T7: =SUM(N7:S7) -> 610 | U7: 3 | V7: 5000 | W7: =U7*V7 -> 15000 | X7: 3 | Y7: 50000 | Z7: =X7*Y7 -> 150000 | AA7: n-heksana | AB7: 30 | AC7: 1000 | AD7: =AB7*AC7 -> 30000 | AE7: =W7+Z7+AD7 -> 195000 | AF7: Retno H | AG7: 1YpE_i7Xo0aCEM7AauGKKeFcbalRV8ZV5 | AH7: https://drive.google.com/file/d/1YpE_i7Xo0aCEM7AauGKKeFcbalRV8ZV5/view?usp=drivesdk | AI7: =HYPERLINK("https://drive.google.com/file/d/1YpE_i7Xo0aCEM7AauGKKeFcbalRV8ZV5/view?usp=drivesdk","GC-MS_Mazlan_891") -> GC-MS_Mazlan_891 | AJ7: Document successfully created; Document successfully merged; PDF created; Manually run by labterpadu.unit.uns@gmail.com; Timestamp: Dec 3 2024 9:18 PM
A8: 45625 | B8: 45630 | C8: 896 | D8: Nindy Samira Rahmi | E8: M0321049 | F8: kimia/FMIPA/UNS | G8: Akses | H8: GC-MS | I8: Dendy | J8: 1 | K8: 400000 | M8: 45 + 15 | N8: 60 | O8: - | P8: 60 | Q8: 60 | R8: 30 | S8: 60 | T8: =SUM(N8:S8) -> 270 | U8: 1 | V8: 5000 | W8: =U8*V8 -> 5000 | X8: 1 | Y8: 50000 | Z8: =X8*Y8 -> 50000 | AA8: - | AB8: 0 | AC8: 0 | AD8: =AB8*AC8 -> 0 | AE8: =W8+Z8+AD8 -> 55000 | AF8: Retno H | AG8: 1htjZ1ZPf32I0KYns4PbS2upqYFeo3ZrO | AH8: https://drive.google.com/file/d/1htjZ1ZPf32I0KYns4PbS2upqYFeo3ZrO/view?usp=drivesdk | AI8: =HYPERLINK("https://drive.google.com/file/d/1htjZ1ZPf32I0KYns4PbS2upqYFeo3ZrO/view?usp=drivesdk","GC-MS_Nindy Samira Rahmi_896") -> GC-MS_Nindy Samira Rahmi_896 | AJ8: Document successfully created; Document successfully merged; PDF created; Manually run by labterpadu.unit.uns@gmail.com; Timestamp: Dec 3 2024 9:18 PM
A9: 45637 | B9: 45644 | C9: 928 | D9: Mardiana | E9: S062402001 | F9: Kimia/MIPA/UNS | G9: Akses | H9: GC-MS | I9: Dendy | J9: 1 | K9: 400000 | M9: 44 + 15 | N9: 60 | O9: 20 | P9: 60 | Q9: 60 | R9: 30 | S9: 60 | T9: =SUM(N9:S9) -> 290 | U9: 1 | V9: 3000 | W9: =U9*V9 -> 3000 | X9: 1 | Y9: 50000 | Z9: =X9*Y9 -> 50000 | AA9: n-heksana | AB9: 10 | AC9: 1000 | AD9: =AB9*AC9 -> 10000 | AE9: =W9+Z9+AD9 -> 63000 | AF9: Retno H | AG9: 1OSur_85z0JFkxMOOnZUm9iqq6CTw32h4 | AH9: https://drive.google.com/file/d/1OSur_85z0JFkxMOOnZUm9iqq6CTw32h4/view?usp=drivesdk | AI9: =HYPERLINK("https://drive.google.com/file/d/1OSur_85z0JFkxMOOnZUm9iqq6CTw32h4/view?usp=drivesdk","GC-MS_Mardiana_928") -> GC-MS_Mardiana_928 | AJ9: Document successfully created; Document successfully merged; PDF created; Manually run by labterpadu.unit.uns@gmail.com; Timestamp: Dec 18 2024 3:44 AM
A10: 45595 | B10: 45644 | C10: 854 | D10: Retno Duwi Hardini | E10: S062108003 | F10: S2-Kimia/FMIPA | G10: Akses | H10: GC-MS | I10: Dendy | J10: 8 | K10: 400000 | M10: 50 + 15 | N10: 60 | O10: 160 | P10: 65 | Q10: 65 | R10: 240 | S10: 60 | T10: =SUM(N10:S10) -> 650 | U10: 8 | V10: 3000 | W10: =U10*V10 -> 24000 | X10: 8 | Y10: 50000 | Z10: =X10*Y10 -> 400000 | AA10: n-heksana | AB10: 80 | AC10: 1000 | AD10: =AB10*AC10 -> 80000 | AE10: =W10+Z10+AD10 -> 504000 | AF10: Retno H | AG10: 13AB7gKofGw4LOMgQxOt4ayOHpOO82PJo | AH10: https://drive.google.com/file/d/13AB7gKofGw4LOMgQxOt4ayOHpOO82PJo/view?usp=drivesdk | AI10: =HYPERLINK("https://drive.google.com/file/d/13AB7gKofGw4LOMgQxOt4ayOHpOO82PJo/view?usp=drivesdk","GC-MS_Retno Duwi Hardini_854") -> GC-MS_Retno Duwi Hardini_854 | AJ10: Document successfully created; Document successfully merged; PDF created; Manually run by labterpadu.unit.uns@gmail.com; Timestamp: Dec 18 2024 3:44 AM
A11: 45649 | B11: 45650 | C11: 947 | D11: Mardiana | E11: S062402001 | F11: Kimia/MIPA/UNS | G11: Akses | H11: GC-MS | I11: Dendy & Widyan | J11: 4 | K11: 400000 | M11: 44 + 15 | N11: 60 | O11: 80 | P11: 60 | Q11: 240 | R11: 120 | S11: 60 | T11: =SUM(N11:S11) -> 620 | U11: 4 | V11: 3000 | W11: =U11*V11 -> 12000 | X11: 4 | Y11: 50000 | Z11: =X11*Y11 -> 200000 | AA11: n-heksana | AB11: 40 | AC11: 1000 | AD11: =AB11*AC11 -> 40000 | AE11: =W11+Z11+AD11 -> 252000 | AF11: Retno H | AG11: 16tH3cYjHPEUh7qYRPP7JHlD54KSDE2xi | AH11: https://drive.google.com/file/d/16tH3cYjHPEUh7qYRPP7JHlD54KSDE2xi/view?usp=drivesdk | AI11: =HYPERLINK("https://drive.google.com/file/d/16tH3cYjHPEUh7qYRPP7JHlD54KSDE2xi/view?usp=drivesdk","GC-MS_Mardiana_947") -> GC-MS_Mardiana_947 | AJ11: Document successfully created; Document successfully merged; PDF created; Manually run by labterpadu.unit.uns@gmail.com; Timestamp: Dec 23 2024 11:18 PM
A12: 45672 | B12: 45701 | C12: 19 | D12: Mazlan | E12: T742208002 | F12: Pascasarjana | G12: Akses | H12: GC-MS | I12: Dendy | J12: 3 | K12: 400000 | L12: =J12*K12 -> 1200000 | M12: 37 + 15 | N12: 60 | O12: 60 | P12: 52 | Q12: 156 | R12: 90 | S12: 60 | T12: =SUM(N12:S12) -> 478 | U12: 3 | V12: 3000 | W12: =U12*V12 -> 9000 | X12: 3 | Y12: 50000 | Z12: =X12*Y12 -> 150000 | AA12: - | AB12: 0 | AC12: 0 | AD12: 0 | AE12: =W12+Z12+AD12 -> 159000 | AF12: Retno H | AG12: 1mOiD4tWDsk9iCOri7zP9xQkpA8VmKO-f | AH12: https://drive.google.com/file/d/1mOiD4tWDsk9iCOri7zP9xQkpA8VmKO-f/view?usp=drivesdk | AI12: =HYPERLINK("https://drive.google.com/file/d/1mOiD4tWDsk9iCOri7zP9xQkpA8VmKO-f/view?usp=drivesdk","GC-MS_Mazlan_19") -> GC-MS_Mazlan_19 | AJ12: Document successfully created; Document successfully merged; PDF created; Manually run by labterpadu.unit.uns@gmail.com; Timestamp: Feb 16 2025 7:59 PM
A13: 45764 | B13: 45796 | C13: 210 | D13: Dyah Ayu Fitria Ningsih | E13: M0321019 | F13: S-1 Kimia/MIPA/UNS | G13: Akses | H13: GC-MS | I13: Roshid | J13: 1 | K13: 400000 | L13: =J13*K13 -> 400000 | M13: 60 + 15 | N13: 60 | O13: =J13*20 -> 20 | P13: 60 | Q13: =J13*(P13+15) -> 75 | R13: =J13*30 -> 30 | S13: 60 | T13: =SUM(N13:S13) -> 305 | U13: =J13 -> 1 | V13: 3000 | W13: =U13*V13 -> 3000 | X13: =U13 -> 1 | Y13: 50000 | Z13: =X13*Y13 -> 50000 | AA13: n-heksana | AB13: 15 | AC13: 1000 | AD13: =AB13*AC13 -> 15000 | AE13: =W13+Z13+AD13 -> 68000 | AF13: Retno H | AG13: 1ErZTPYI2lyPJx1aPcy67Tw45LPAsAt95 | AH13: https://drive.google.com/file/d/1ErZTPYI2lyPJx1aPcy67Tw45LPAsAt95/view?usp=drivesdk | AI13: =HYPERLINK("https://drive.google.com/file/d/1ErZTPYI2lyPJx1aPcy67Tw45LPAsAt95/view?usp=drivesdk","GC-MS_Dyah Ayu Fitria Ningsih_210") -> GC-MS_Dyah Ayu Fitria Ningsih_210 | AJ13: Document successfully created; Document successfully merged; PDF created; Manually run by labterpadu.unit.uns@gmail.com; Timestamp: May 18 2025 9:45 PM
A14: 45764 | B14: 45796 | C14: 211 | D14: Dyah Ayu Fitria Ningsih | E14: M0321020 | F14: S-1 Kimia/MIPA/UNS | G14: Akses | H14: GC-MS | I14: Roshid | J14: 1 | K14: 400000 | L14: =J14*K14 -> 400000 | M14: 48 + 15 | N14: 60 | O14: =J14*20 -> 20 | P14: 48 | Q14: =J14*(P14+15) -> 63 | R14: =J14*30 -> 30 | S14: 60 | T14: =SUM(N14:S14) -> 281 | U14: =J14 -> 1 | V14: 3000 | W14: =U14*V14 -> 3000 | X14: =U14 -> 1 | Y14: 50000 | Z14: =X14*Y14 -> 50000 | AA14: n-heksana | AB14: 15 | AC14: 1000 | AD14: =AB14*AC14 -> 15000 | AE14: =W14+Z14+AD14 -> 68000 | AF14: Retno H | AG14: 1xY-cDVLs87E-6eESqwuXvKDXC7V2j3bq | AH14: https://drive.google.com/file/d/1xY-cDVLs87E-6eESqwuXvKDXC7V2j3bq/view?usp=drivesdk | AI14: =HYPERLINK("https://drive.google.com/file/d/1xY-cDVLs87E-6eESqwuXvKDXC7V2j3bq/view?usp=drivesdk","GC-MS_Dyah Ayu Fitria Ningsih_211") -> GC-MS_Dyah Ayu Fitria Ningsih_211 | AJ14: Document successfully created; Document successfully merged; PDF created; Manually run by labterpadu.unit.uns@gmail.com; Timestamp: May 18 2025 9:45 PM
A15: 45769 | B15: 45796 | C15: 217 | D15: Sabella Vegasty | E15: S06230804 | F15: S-2 Kimia/MIPA/UNS | G15: Akses | H15: GC-MS | I15: Roshid | J15: 3 | K15: 400000 | L15: =J15*K15 -> 1200000 | M15: 57 + 15 | N15: 60 | O15: =J15*20 -> 60 | P15: 57 | Q15: =J15*(P15+15) -> 216 | R15: =J15*30 -> 90 | S15: 60 | T15: =SUM(N15:S15) -> 543 | U15: =J15 -> 3 | V15: 3000 | W15: =U15*V15 -> 9000 | X15: =U15 -> 3 | Y15: 50000 | Z15: =X15*Y15 -> 150000 | AA15: n-heksana | AB15: 45 | AC15: 1000 | AD15: =AB15*AC15 -> 45000 | AE15: =W15+Z15+AD15 -> 204000 | AF15: Retno H | AG15: 1H_COBmdEIwPWHe9j2iwNsLLOa8OLqWY1 | AH15: https://drive.google.com/file/d/1H_COBmdEIwPWHe9j2iwNsLLOa8OLqWY1/view?usp=drivesdk | AI15: =HYPERLINK("https://drive.google.com/file/d/1H_COBmdEIwPWHe9j2iwNsLLOa8OLqWY1/view?usp=drivesdk","GC-MS_Sabella Vegasty_217") -> GC-MS_Sabella Vegasty_217 | AJ15: Document successfully created; Document successfully merged; PDF created; Manually run by labterpadu.unit.uns@gmail.com; Timestamp: May 18 2025 9:45 PM
A16: 45772 | B16: 45796 | C16: 228 | D16: Citra Nurlaela R | E16: M0321014 | F16: S-1 Kimia/MIPA/UNS | G16: Akses | H16: GC-MS | I16: Roshid | J16: 1 | K16: 400000 | L16: =J16*K16 -> 400000 | M16: 56 + 15 | N16: 60 | O16: =J16*20 -> 20 | P16: 56 | Q16: =J16*(P16+15) -> 71 | R16: =J16*30 -> 30 | S16: 60 | T16: =SUM(N16:S16) -> 297 | U16: =J16 -> 1 | V16: 3000 | W16: =U16*V16 -> 3000 | X16: =U16 -> 1 | Y16: 50000 | Z16: =X16*Y16 -> 50000 | AA16: n-heksana | AB16: 15 | AC16: 1000 | AD16: =AB16*AC16 -> 15000 | AE16: =W16+Z16+AD16 -> 68000 | AF16: Retno H | AG16: 1S4RT8KtLq3Plu4UKMkk70X37ZbFr7epw | AH16: https://drive.google.com/file/d/1S4RT8KtLq3Plu4UKMkk70X37ZbFr7epw/view?usp=drivesdk | AI16: =HYPERLINK("https://drive.google.com/file/d/1S4RT8KtLq3Plu4UKMkk70X37ZbFr7epw/view?usp=drivesdk","GC-MS_Citra Nurlaela R_228") -> GC-MS_Citra Nurlaela R_228 | AJ16: Document successfully created; Document successfully merged; PDF created; Manually run by labterpadu.unit.uns@gmail.com; Timestamp: May 18 2025 9:45 PM
A17: 45804 | B17: 45813 | C17: 332 | D17: Layla Nadda Zabrina | E17: M0318035 | F17: Kimia/FMIPA/UNS | G17: Tidak Akses | H17: Gas Chromatography Mass Spectrometry (GC-MS) | I17: Roshid | J17: 1 | K17: 400000 | L17: =J17*K17 -> 400000 | M17: 65 + 15 | N17: 60 | O17: =J17*20 -> 20 | P17: 65 | Q17: =J17*(P17+15) -> 80 | R17: =J17*30 -> 30 | S17: 60 | T17: =SUM(N17:S17) -> 315 | U17: 1 | V17: 3000 | W17: =U17*V17 -> 3000 | X17: =U17 -> 1 | Y17: 50000 | Z17: =X17*Y17 -> 50000 | AA17: n-heksana | AB17: 10 | AC17: 1000 | AD17: =AB17*AC17 -> 10000 | AE17: =W17+Z17+AD17 -> 63000 | AF17: Retno H | AG17: 1UenJrawKMtox-ofjff6S604owWZ1B56t | AH17: https://drive.google.com/file/d/1UenJrawKMtox-ofjff6S604owWZ1B56t/view?usp=drivesdk | AI17: =HYPERLINK("https://drive.google.com/file/d/1UenJrawKMtox-ofjff6S604owWZ1B56t/view?usp=drivesdk","GC-MS_Layla Nadda Zabrina_332") -> GC-MS_Layla Nadda Zabrina_332 | AJ17: Document successfully created; Document successfully merged; PDF created; Manually run by labterpadu.unit.uns@gmail.com; Timestamp: Jun 5 2025 3:01 AM
A18: 45811 | B18: 45813 | C18: 361 | D18: Yulia Sandi Iswara | E18: M0321079 | F18: Kimia/FMIPA/UNS | G18: Tidak Akses | H18: GC-MS | I18: Roshid | J18: 1 | K18: 400000 | L18: =J18*K18 -> 400000 | M18: 77 + 15 | N18: 60 | O18: 20 | P18: 77 | Q18: =J18*(P18+15) -> 92 | R18: =J18*30 -> 30 | S18: 60 | T18: =SUM(N18:S18) -> 339 | U18: 2 | V18: 3000 | W18: =U18*V18 -> 6000 | X18: =U18 -> 2 | Y18: 50000 | Z18: =X18*Y18 -> 100000 | AA18: aseton | AB18: 20 | AC18: 1000 | AD18: =AB18*AC18 -> 20000 | AE18: =W18+Z18+AD18 -> 126000 | AF18: Retno H | AG18: 1ofHlEOZPKxmskCi7xIS1-udo9GIkY9V4 | AH18: https://drive.google.com/file/d/1ofHlEOZPKxmskCi7xIS1-udo9GIkY9V4/view?usp=drivesdk | AI18: =HYPERLINK("https://drive.google.com/file/d/1ofHlEOZPKxmskCi7xIS1-udo9GIkY9V4/view?usp=drivesdk","GC-MS_Yulia Sandi Iswara_361") -> GC-MS_Yulia Sandi Iswara_361 | AJ18: Document successfully created; Document successfully merged; PDF created; Manually run by labterpadu.unit.uns@gmail.com; Timestamp: Jun 11 2025 12:51 AM
A19: 45797 | B19: 45813 | C19: 277 | D19: Wanda Khairunnisa Wibowo | E19: M0623077 | F19: S1 Farmasi/FMIPA/UNS | G19: Tidak Akses | H19: GC-MS | I19: Roshid | J19: 3 | K19: 400000 | L19: =J19*K19 -> 1200000 | M19: 65 + 15 | N19: 60 | O19: 20 | P19: 65 | Q19: =J19*(P19+15) -> 240 | R19: =J19*30 -> 90 | S19: 60 | T19: =SUM(N19:S19) -> 535 | U19: 3 | V19: 3000 | W19: =U19*V19 -> 9000 | X19: 3 | Y19: 30000 | Z19: =X19*Y19 -> 90000 | AA19: n-heksana | AB19: 30 | AC19: 1000 | AD19: =AB19*AC19 -> 30000 | AE19: =W19+Z19+AD19 -> 129000 | AF19: Retno H | AG19: 1AnqqmrYH1TH1md8DI44BvdJr64MTIvV5 | AH19: https://drive.google.com/file/d/1AnqqmrYH1TH1md8DI44BvdJr64MTIvV5/view?usp=drivesdk | AI19: =HYPERLINK("https://drive.google.com/file/d/1AnqqmrYH1TH1md8DI44BvdJr64MTIvV5/view?usp=drivesdk","GC-MS_Wanda Khairunnisa Wibowo_277") -> GC-MS_Wanda Khairunnisa Wibowo_277 | AJ19: Document successfully created; Document successfully merged; PDF created; Manually run by labterpadu.unit.uns@gmail.com; Timestamp: Jun 11 2025 5:55 AM
A20: 45812 | B20: 45821 | C20: 370 | D20: Mazlan | E20: T742208002 | F20: Pascasarjana | G20: Akses | H20: GC-MS | I20: Roshid | J20: 3 | K20: 400000 | L20: =J20*K20 -> 1200000 | M20: 36+15 | N20: 60 | O20: 20 | P20: 36 | Q20: =J20*(P20+15) -> 153 | R20: =J20*30 -> 90 | S20: 60 | T20: =SUM(N20:S20) -> 419 | U20: 3 | V20: 3000 | W20: =U20*V20 -> 9000 | X20: 3 | Y20: 50000 | Z20: =X20*Y20 -> 150000 | AA20: n-heksana | AB20: 30 | AC20: 1000 | AD20: =AB20*AC20 -> 30000 | AE20: =W20+Z20+AD20 -> 189000 | AF20: Retno H | AG20: 1-EZo-L_qnh9wIxwtlQzhG1T7LadeDfEY | AH20: https://drive.google.com/file/d/1-EZo-L_qnh9wIxwtlQzhG1T7LadeDfEY/view?usp=drivesdk | AI20: =HYPERLINK("https://drive.google.com/file/d/1-EZo-L_qnh9wIxwtlQzhG1T7LadeDfEY/view?usp=drivesdk","GC-MS_Mazlan_370") -> GC-MS_Mazlan_370 | AJ20: Document successfully created; Document successfully merged; PDF created; Manually run by labterpadu.unit.uns@gmail.com; Timestamp: Jun 15 2025 11:04 PM
A21: 45825 | B21: 45827 | C21: 410 | D21: Layla Nadda Zabrina | E21: M0318035 | F21: S-1 Kimia/MIPA/UNS | G21: Tidak Akses | H21: GC-MS | I21: Roshid | J21: 2 | K21: 400000 | L21: =J21*K21 -> 800000 | M21: 65+15 | N21: 60 | O21: 20 | P21: 65 | Q21: =J21*(P21+15) -> 160 | R21: =J21*30 -> 60 | S21: 60 | T21: =SUM(N21:S21) -> 425 | U21: 2 | V21: 3000 | W21: =U21*V21 -> 6000 | X21: 2 | Y21: 30000 | Z21: =X21*Y21 -> 60000 | AA21: n-heksana | AB21: 10 | AC21: 1000 | AD21: =AB21*AC21 -> 10000 | AE21: =W21+Z21+AD21 -> 76000 | AF21: Retno H | AG21: 1_REV0hn2OS6CfwHaLKDopwTW8vtEOx1s | AH21: https://drive.google.com/file/d/1_REV0hn2OS6CfwHaLKDopwTW8vtEOx1s/view?usp=drivesdk | AI21: =HYPERLINK("https://drive.google.com/file/d/1_REV0hn2OS6CfwHaLKDopwTW8vtEOx1s/view?usp=drivesdk","GC-MS_Layla Nadda Zabrina_410") -> GC-MS_Layla Nadda Zabrina_410 | AJ21: Document successfully created; Document successfully merged; PDF created; Manually run by labterpadu.unit.uns@gmail.com; Timestamp: Jun 19 2025 11:09 PM
A22: 45827 | B22: 45827 | C22: 405 | D22: Rohula Utami | E22: T652308006 | F22: S-3 Ilmu Pertanian/FP/UNS | G22: Tidak Akses | H22: GC-MS | I22: Roshid | J22: 6 | K22: 400000 | L22: =J22*K22 -> 2400000 | M22: 50+15 | N22: 60 | O22: 20 | P22: 50 | Q22: =J22*(P22+15) -> 390 | R22: =J22*30 -> 180 | S22: 60 | T22: =SUM(N22:S22) -> 760 | U22: 5 | V22: 3000 | W22: =U22*V22 -> 15000 | X22: 5 | Y22: 30000 | Z22: =X22*Y22 -> 150000 | AA22: etanol | AB22: 60 | AC22: 1000 | AD22: =AB22*AC22 -> 60000 | AE22: =W22+Z22+AD22 -> 225000 | AF22: Retno H | AG22: 1kGc-qh8RxpVi7e50Tat5TX_4F-MD35yX | AH22: https://drive.google.com/file/d/1kGc-qh8RxpVi7e50Tat5TX_4F-MD35yX/view?usp=drivesdk | AI22: =HYPERLINK("https://drive.google.com/file/d/1kGc-qh8RxpVi7e50Tat5TX_4F-MD35yX/view?usp=drivesdk","GC-MS_Rohula Utami_405") -> GC-MS_Rohula Utami_405 | AJ22: Document successfully created; Document successfully merged; PDF created; Manually run by labterpadu.unit.uns@gmail.com; Timestamp: Jun 19 2025 11:09 PM
A23: 45827 | B23: 45827 | C23: 422 | D23: Adelisa Monica Permadani | E23: K3322003 | F23: S-1 Pendidikan Kimia/FKIP/UNS | G23: Akses | H23: GC-MS | I23: Roshid | J23: 3 | K23: 400000 | L23: =J23*K23 -> 1200000 | M23: 62+15 | N23: 60 | O23: 20 | P23: 62 | Q23: =J23*(P23+15) -> 231 | R23: =J23*30 -> 90 | S23: 60 | T23: =SUM(N23:S23) -> 523 | U23: 3 | V23: 3000 | W23: =U23*V23 -> 9000 | X23: 3 | Y23: 30000 | Z23: =X23*Y23 -> 90000 | AA23: n-heksana | AB23: 30 | AC23: 1000 | AD23: =AB23*AC23 -> 30000 | AE23: =W23+Z23+AD23 -> 129000 | AF23: Retno H | AG23: 1eOcViftL4I9OUANbnZ_1NadcchR3Xtcc | AH23: https://drive.google.com/file/d/1eOcViftL4I9OUANbnZ_1NadcchR3Xtcc/view?usp=drivesdk | AI23: =HYPERLINK("https://drive.google.com/file/d/1eOcViftL4I9OUANbnZ_1NadcchR3Xtcc/view?usp=drivesdk","GC-MS_Adelisa Monica Permadani_422") -> GC-MS_Adelisa Monica Permadani_422 | AJ23: Document successfully created; Document successfully merged; PDF created; Manually run by labterpadu.unit.uns@gmail.com; Timestamp: Jun 19 2025 11:09 PM
A24: 45845 | B24: 45847 | C24: 465 | D24: Muhamad Fajrianor Lawi | E24: H0721096 | F24: S-1 Agroteknologi/ FP/ UNS | G24: Akses | H24: GC-MS | I24: Roshid | J24: 4 | K24: 400000 | L24: =J24*K24 -> 1600000 | M24: 61+15 | N24: 60 | O24: 20 | P24: 61 | Q24: =J24*(P24+15) -> 304 | R24: =J24*30 -> 120 | S24: 60 | T24: =SUM(N24:S24) -> 625 | U24: 4 | V24: 3000 | W24: =U24*V24 -> 12000 | X24: 4 | Y24: 30000 | Z24: =X24*Y24 -> 120000 | AA24: etanol | AB24: 30 | AC24: 1000 | AD24: =AB24*AC24 -> 30000 | AE24: =W24+Z24+AD24 -> 162000 | AF24: Retno H | AG24: 1EK2XEnuOsQPy_qjqUM_hYIp9HdEef1vu | AH24: https://drive.google.com/file/d/1EK2XEnuOsQPy_qjqUM_hYIp9HdEef1vu/view?usp=drivesdk | AI24: =HYPERLINK("https://drive.google.com/file/d/1EK2XEnuOsQPy_qjqUM_hYIp9HdEef1vu/view?usp=drivesdk","GC-MS_Muhamad Fajrianor Lawi_465") -> GC-MS_Muhamad Fajrianor Lawi_465 | AJ24: Document successfully created; Document successfully merged; PDF created; Manually run by labterpadu.unit.uns@gmail.com; Timestamp: Jul 14 2025 4:42 AM
A25: 45849 | B25: 45849 | C25: 476 | D25: Dwi Ardiana Setyawardhani | E25: 197301311998022001 | F25: Teknik kimia / Fakultas teknik/UNS | G25: Tidak Akses | H25: GC-MS | I25: Roshid | J25: 3 | K25: 400000 | L25: =J25*K25 -> 1200000 | M25: 66+15 | N25: 60 | O25: 20 | P25: 66 | Q25: =J25*(P25+15) -> 243 | R25: =J25*30 -> 90 | S25: 60 | T25: =SUM(N25:S25) -> 539 | U25: 3 | V25: 3000 | W25: =U25*V25 -> 9000 | X25: 3 | Y25: 30000 | Z25: =X25*Y25 -> 90000 | AA25: etanol | AB25: 25 | AC25: 1000 | AD25: =AB25*AC25 -> 25000 | AE25: =W25+Z25+AD25 -> 124000 | AF25: Retno H | AG25: 1pGQ__eSCxKLBcmVq2hyVgvNSXFYav3ds | AH25: https://drive.google.com/file/d/1pGQ__eSCxKLBcmVq2hyVgvNSXFYav3ds/view?usp=drivesdk | AI25: =HYPERLINK("https://drive.google.com/file/d/1pGQ__eSCxKLBcmVq2hyVgvNSXFYav3ds/view?usp=drivesdk","GC-MS_Dwi Ardiana Setyawardhani_476") -> GC-MS_Dwi Ardiana Setyawardhani_476 | AJ25: Document successfully created; Document successfully merged; PDF created; Manually run by labterpadu.unit.uns@gmail.com; Timestamp: Jul 14 2025 4:43 AM
A26: 45860 | B26: 45868 | C26: 490 | D26: M. Alkindi Sulthan Zhafran S | E26: D200210181 | F26: Teknik Mesin / Teknik / Universitas Muhammadiyah Surakarta | G26: Tidak Akses | H26: GC-MS | I26: Roshid | J26: 2 | K26: 500000 | L26: =J26*K26 -> 1000000 | M26: 72+15 | N26: 60 | O26: 20 | P26: 72 | Q26: =J26*(P26+15) -> 174 | R26: =J26*30 -> 60 | S26: 60 | T26: =SUM(N26:S26) -> 446 | U26: 2 | V26: 3000 | W26: =U26*V26 -> 6000 | X26: 2 | Y26: 30000 | Z26: =X26*Y26 -> 60000 | AA26: n-heksana | AB26: 20 | AC26: 1000 | AD26: =AB26*AC26 -> 20000 | AE26: =W26+Z26+AD26 -> 86000 | AF26: Retno H | AG26: 1Qr16cQnvXb8W5g4PB_J7x_yrAlPXhOPR | AH26: https://drive.google.com/file/d/1Qr16cQnvXb8W5g4PB_J7x_yrAlPXhOPR/view?usp=drivesdk | AI26: =HYPERLINK("https://drive.google.com/file/d/1Qr16cQnvXb8W5g4PB_J7x_yrAlPXhOPR/view?usp=drivesdk","GC-MS_M. Alkindi Sulthan Zhafran S_490") -> GC-MS_M. Alkindi Sulthan Zhafran S_490 | AJ26: Document successfully created; Document successfully merged; PDF created; Manually run by labterpadu.unit.uns@gmail.com; Timestamp: Aug 5 2025 9:26 PM
A27: 45863 | B27: 45869 | C27: 504 | D27: Prof Dr Dwi Ardiana Setyawardhani | E27: 197301311998022001 | F27: Teknik kimia/Fak Teknik/UNS | G27: Tidak Akses | H27: GC-MS | I27: Roshid | J27: 8 | K27: 400000 | L27: =J27*K27 -> 3200000 | M27: 66+15 | N27: 60 | O27: 20 | P27: 66 | Q27: =J27*(P27+15) -> 648 | R27: =J27*30 -> 240 | S27: 60 | T27: =SUM(N27:S27) -> 1094 | U27: 8 | V27: 3000 | W27: =U27*V27 -> 24000 | X27: 8 | Y27: 30000 | Z27: =X27*Y27 -> 240000 | AA27: etanol | AB27: 80 | AC27: 1000 | AD27: =AB27*AC27 -> 80000 | AE27: =W27+Z27+AD27 -> 344000 | AF27: Retno H | AG27: 1PZtXDTDohq41_OA0xOl5PwEoChGerC1z | AH27: https://drive.google.com/file/d/1PZtXDTDohq41_OA0xOl5PwEoChGerC1z/view?usp=drivesdk | AI27: =HYPERLINK("https://drive.google.com/file/d/1PZtXDTDohq41_OA0xOl5PwEoChGerC1z/view?usp=drivesdk","GC-MS_Prof Dr Dwi Ardiana Setyawardhani _504") -> GC-MS_Prof Dr Dwi Ardiana Setyawardhani _504 | AJ27: Document successfully created; Document successfully merged; PDF created; Manually run by labterpadu.unit.uns@gmail.com; Timestamp: Aug 5 2025 9:27 PM
A28: 45868 | B28: 45870 | C28: 508 | D28: Litaskuri S.Nur.H | E28: SC1008 | F28: Farmasi/Farmasi/STIKES Mambaul Ulum Surakarta | G28: Tidak Akses | H28: GC-MS | I28: Roshid | J28: 1 | K28: 500000 | L28: =J28*K28 -> 500000 | M28: 55+15 | N28: 60 | O28: 20 | P28: 55 | Q28: =J28*(P28+15) -> 70 | R28: =J28*30 -> 30 | S28: 60 | T28: =SUM(N28:S28) -> 295 | U28: 1 | V28: 3000 | W28: =U28*V28 -> 3000 | X28: 1 | Y28: 30000 | Z28: =X28*Y28 -> 30000 | AA28: etanol | AB28: 10 | AC28: 1000 | AD28: =AB28*AC28 -> 10000 | AE28: =W28+Z28+AD28 -> 43000 | AF28: Retno H | AG28: 1PcEP5LjYY3S1zKbCF-pbxruzZQciiETK | AH28: https://drive.google.com/file/d/1PcEP5LjYY3S1zKbCF-pbxruzZQciiETK/view?usp=drivesdk | AI28: =HYPERLINK("https://drive.google.com/file/d/1PcEP5LjYY3S1zKbCF-pbxruzZQciiETK/view?usp=drivesdk","GC-MS_Litaskuri S.Nur.H_508") -> GC-MS_Litaskuri S.Nur.H_508 | AJ28: Document successfully created; Document successfully merged; PDF created; Manually run by labterpadu.unit.uns@gmail.com; Timestamp: Aug 5 2025 9:27 PM
A29: 45870 | B29: 45870 | C29: 512 | D29: Vito Bintang Saputra | E29: M0321076 | F29: Kimia/MIPA/UNS | G29: Tidak Akses | H29: GC-MS | I29: Roshid | J29: 1 | K29: 400000 | L29: =J29*K29 -> 400000 | M29: 35+15 | N29: 60 | O29: 20 | P29: 35 | Q29: =J29*(P29+15) -> 50 | R29: =J29*30 -> 30 | S29: 60 | T29: =SUM(N29:S29) -> 255 | U29: 1 | V29: 3000 | W29: =U29*V29 -> 3000 | X29: 1 | Y29: 30000 | Z29: =X29*Y29 -> 30000 | AA29: etanol | AB29: 10 | AC29: 1000 | AD29: =AB29*AC29 -> 10000 | AE29: =W29+Z29+AD29 -> 43000 | AF29: Retno H | AG29: 12pS2Talcs6P4Ij_S-5oEtG8QaV32r-t- | AH29: https://drive.google.com/file/d/12pS2Talcs6P4Ij_S-5oEtG8QaV32r-t-/view?usp=drivesdk | AI29: =HYPERLINK("https://drive.google.com/file/d/12pS2Talcs6P4Ij_S-5oEtG8QaV32r-t-/view?usp=drivesdk","GC-MS_Vito Bintang Saputra_512") -> GC-MS_Vito Bintang Saputra_512 | AJ29: Document successfully created; Document successfully merged; PDF created; Manually run by labterpadu.unit.uns@gmail.com; Timestamp: Aug 5 2025 9:27 PM
A30: 45929 | B30: 45932 | C30: 644 | D30: PT. Indo Acidatama Tbk. | E30: - | F30: PT. Indo Acidatama Tbk. | G30: Tidak Akses | H30: GC-MS | I30: Roshid | J30: 1 | K30: 500000 | L30: =J30*K30 -> 500000 | M30: 30+15 | N30: 60 | O30: 20 | P30: 35 | Q30: =J30*(P30+15) -> 50 | R30: =J30*30 -> 30 | S30: 60 | T30: =SUM(N30:S30) -> 255 | U30: 1 | V30: 3000 | W30: =U30*V30 -> 3000 | X30: 1 | Y30: 30000 | Z30: =X30*Y30 -> 30000 | AE30: =W30+Z30+AD30 -> 33000 | AF30: Retno H | AG30: 1feIBsqmQwQ6803_PZ7NkE3pqI4ifwzFN | AH30: https://drive.google.com/file/d/1feIBsqmQwQ6803_PZ7NkE3pqI4ifwzFN/view?usp=drivesdk | AI30: =HYPERLINK("https://drive.google.com/file/d/1feIBsqmQwQ6803_PZ7NkE3pqI4ifwzFN/view?usp=drivesdk","GC-MS_PT. Indo Acidatama Tbk._644") -> GC-MS_PT. Indo Acidatama Tbk._644 | AJ30: Document successfully created; Document successfully merged; PDF created; Manually run by labterpadu.unit.uns@gmail.com; Timestamp: Oct 9 2025 4:18 AM
A31: 45895 | B31: 45951 | C31: 561 | D31: Putri Aisyah Ali | E31: K3322080 | F31: P Kimia/FKIP/UNS | G31: Tidak Akses | H31: GC-MS | I31: Roshid | J31: 4 | K31: 400000 | L31: =J31*K31 -> 1600000 | M31: 30+15 | N31: 60 | O31: 20 | P31: 35 | Q31: =J31*(P31+15) -> 200 | R31: =J31*30 -> 120 | S31: 60 | T31: =SUM(N31:S31) -> 495 | U31: 4 | V31: 3000 | W31: =U31*V31 -> 12000 | X31: 4 | Y31: 30000 | Z31: =X31*Y31 -> 120000 | AE31: =W31+Z31+AD31 -> 132000 | AF31: Retno H | AG31: 1Y3o3UkkkV-ErdF-GfQIT7nQITnzz6PIJ | AH31: https://drive.google.com/file/d/1Y3o3UkkkV-ErdF-GfQIT7nQITnzz6PIJ/view?usp=drivesdk | AI31: =HYPERLINK("https://drive.google.com/file/d/1Y3o3UkkkV-ErdF-GfQIT7nQITnzz6PIJ/view?usp=drivesdk","GC-MS_Putri Aisyah Ali_561") -> GC-MS_Putri Aisyah Ali_561 | AJ31: Document successfully created; Document successfully merged; PDF created; Manually run by labterpadu.unit.uns@gmail.com; Timestamp: Oct 21 2025 12:21 AM
A32: 45943 | B32: 45951 | C32: 660 | D32: Jelita Tri Dewi Masta Ziliwu | E32: 223307030092 | F32: Farmasi Klinis/Kedokteran Gigi dan Ilmu Kesehatan/Universitas Prima Indonesia | G32: Tidak Akses | H32: GC-MS | I32: Roshid | J32: 2 | K32: 500000 | L32: =J32*K32 -> 1000000 | M32: 30+15 | N32: 60 | O32: 20 | P32: 35 | Q32: =J32*(P32+15) -> 100 | R32: =J32*30 -> 60 | S32: 60 | T32: =SUM(N32:S32) -> 335 | U32: 1 | V32: 3000 | W32: =U32*V32 -> 3000 | X32: 1 | Y32: 30000 | Z32: =X32*Y32 -> 30000 | AA32: etanol | AB32: 10 | AC32: 1000 | AD32: =AB32*AC32 -> 10000 | AE32: =W32+Z32+AD32 -> 43000 | AF32: Retno H | AG32: 1AuZ9IcUmFvnw1gdgmCjbXcQTnQ9srxWn | AH32: https://drive.google.com/file/d/1AuZ9IcUmFvnw1gdgmCjbXcQTnQ9srxWn/view?usp=drivesdk | AI32: =HYPERLINK("https://drive.google.com/file/d/1AuZ9IcUmFvnw1gdgmCjbXcQTnQ9srxWn/view?usp=drivesdk","GC-MS_Jelita Tri Dewi Masta Ziliwu_660") -> GC-MS_Jelita Tri Dewi Masta Ziliwu_660 | AJ32: Document successfully created; Document successfully merged; PDF created; Manually run by labterpadu.unit.uns@gmail.com; Timestamp: Nov 6 2025 2:44 AM
A33: 45946 | B33: 45951 | C33: 685 | D33: Rendy Chonata | E33: D200210180 | F33: Teknik Mesin/FT/UMS | G33: Tidak Akses | H33: GC-MS | I33: Roshid | J33: 5 | K33: 500000 | L33: =J33*K33 -> 2500000 | M33: 30+15 | N33: 60 | O33: 20 | P33: 35 | Q33: =J33*(P33+15) -> 250 | R33: =J33*30 -> 150 | S33: 60 | T33: =SUM(N33:S33) -> 575 | U33: 5 | V33: 3000 | W33: =U33*V33 -> 15000 | X33: 5 | Y33: 30000 | Z33: =X33*Y33 -> 150000 | AE33: =W33+Z33+AD33 -> 165000 | AF33: Retno H | AG33: 10xjOq8alyqZZOqkf4_jTZHtwx5N4raIA | AH33: https://drive.google.com/file/d/10xjOq8alyqZZOqkf4_jTZHtwx5N4raIA/view?usp=drivesdk | AI33: =HYPERLINK("https://drive.google.com/file/d/10xjOq8alyqZZOqkf4_jTZHtwx5N4raIA/view?usp=drivesdk","GC-MS_Rendy Chonata_685") -> GC-MS_Rendy Chonata_685 | AJ33: Document successfully created; Document successfully merged; PDF created; Manually run by labterpadu.unit.uns@gmail.com; Timestamp: Oct 21 2025 12:22 AM
A34: 45957 | B34: 45958 | C34: 713 | D34: Rohula Utami | E34: T652308006 | F34: Pertanian | G34: Tidak Akses | H34: GC-MS | I34: Roshid | J34: 5 | K34: 400000 | L34: =J34*K34 -> 2000000 | M34: 30+15 | N34: 60 | O34: 20 | P34: 35 | Q34: =J34*(P34+15) -> 250 | R34: =J34*30 -> 150 | S34: 60 | T34: =SUM(N34:S34) -> 575 | U34: 5 | V34: 3000 | W34: =U34*V34 -> 15000 | X34: 5 | Y34: 30000 | Z34: =X34*Y34 -> 150000 | AE34: =W34+Z34+AD34 -> 165000 | AF34: Retno H | AG34: 1UdJP3U5qISpyKIySPdrB3AoPdoIApUdR | AH34: https://drive.google.com/file/d/1UdJP3U5qISpyKIySPdrB3AoPdoIApUdR/view?usp=drivesdk | AI34: =HYPERLINK("https://drive.google.com/file/d/1UdJP3U5qISpyKIySPdrB3AoPdoIApUdR/view?usp=drivesdk","GC-MS_Rohula Utami_713") -> GC-MS_Rohula Utami_713 | AJ34: Document successfully created; Document successfully merged; PDF created; Manually run by labterpadu.unit.uns@gmail.com; Timestamp: Oct 28 2025 6:12 AM
L35: =sum(L12:L34) -> 26700000

Sheet Sentrifuse
A1: Tanggal Map Keluar | B1: Hari, Tanggal pembuatan rekap | C1: Agenda | D1: Nama | E1: NIM/NIP | F1: Fakultas/Univ | G1: Akses Lab | H1: Instrument | I1: Operator | J1: Jumlah Sampel | K1: Harga per sampel | L1: Harga Total Alat | M1: Bahan | N1: Jumlah | O1: Harga satuan | P1: Harga Total | Q1: Pembuat Rekap | R1: Merged Doc ID - Sentrifuse | S1: Merged Doc URL - Sentrifuse | T1: Link to merged Doc - Sentrifuse | U1: Document Merge Status - Sentrifuse
A2: 45650 | B2: 45656 | C2: 923 | D2: Eva Susilawati | E2: S532308020 | F2: S2 Gizi / Pasca Sarjana / Universitas Sebelas Maret | G2: Akses | H2: Sentrifuse | I2: Pratiwi | J2: 108 | K2: 1600 | L2: =J2*K2 -> 172800 | M2: Blue Tip | N2: 36 | O2: 500 | P2: =N2*O2 -> 18000 | Q2: Retno H | R2: 1c9ycJSfv8Z-SxF3rvfl_Ya58G8K0mLw3 | S2: https://drive.google.com/file/d/1c9ycJSfv8Z-SxF3rvfl_Ya58G8K0mLw3/view?usp=drivesdk | T2: =HYPERLINK("https://drive.google.com/file/d/1c9ycJSfv8Z-SxF3rvfl_Ya58G8K0mLw3/view?usp=drivesdk","Sentrifuse_923") -> Sentrifuse_923 | U2: Document successfully created; Document successfully merged; PDF created; Manually run by labterpadu.unit.uns@gmail.com; Timestamp: Dec 30 2024 8:40 PM
A3: 45650 | B3: 45656 | C3: 924 | D3: Wahyu Aulia Hasibuan | E3: S532308037 | F3: S2 Gizi / Pasca Sarjana / Universitas Sebelas Maret | G3: Akses | H3: Sentrifuse | I3: Pratiwi | J3: 108 | K3: 1600 | L3: =J3*K3 -> 172800 | M3: Blue Tip | N3: 36 | O3: 500 | P3: =N3*O3 -> 18000 | Q3: Retno H | R3: 1RlcjiwkHSLO6JtweNzRMoByhbT4ZYUo1 | S3: https://drive.google.com/file/d/1RlcjiwkHSLO6JtweNzRMoByhbT4ZYUo1/view?usp=drivesdk | T3: =HYPERLINK("https://drive.google.com/file/d/1RlcjiwkHSLO6JtweNzRMoByhbT4ZYUo1/view?usp=drivesdk","Sentrifuse_924") -> Sentrifuse_924 | U3: Document successfully created; Document successfully merged; PDF created; Manually run by labterpadu.unit.uns@gmail.com; Timestamp: Dec 30 2024 8:41 PM

Sheet NVScriptsProperties
A1: autocratn | B1: autocratp
A2: dataSheetName | B2: "Form Responses 2"
A3: v | B3: "5.1"
A4: dataSheetId | B4: "1.245594991E9"
A5: updateTime | B5: "1.750400717299E12"
A6: vp | B6: "5.1"
A7: ssId | B7: "11dSFaAiXIhCJa5OwYo4J-L5_R-wT6EeSSgszY0o4AGY"

Sheet Kadar air_abu
A1: Tanggal Map Keluar | B1: Hari, Tanggal pembuatan rekap | C1: Agenda | D1: Nama | E1: NIM/NIP | F1: Fakultas/Univ | G1: Akses Lab | H1: Instrument | I1: Operator | J1: Jumlah Sampel | K1: Harga per sampel | L1: Harga Total | M1: Pembuat Rekap | N1: Merged Doc ID - Kadar Air_Abu | O1: Merged Doc URL - Kadar Air_Abu | P1: Link to merged Doc - Kadar Air_Abu | Q1: Document Merge Status - Kadar Air_Abu
A2: 46259 | B2: 46260 | C2: 557 | D2: Rory Ade Kurniawan | E2: A132202013 | F2: ilmu lingkungan/pasca sarjana/uns | G2: Tidak Akses | H2: Furnace (Kadar Abu) | I2: Agus W | J2: 1 | K2: 125000 | L2: =J2*K2 -> 125000 | M2: Retno H | N2: 1ibVfvCIC04pMfgxsGH9mTrMtHXWSpxvi | O2: https://drive.google.com/file/d/1ibVfvCIC04pMfgxsGH9mTrMtHXWSpxvi/view?usp=drivesdk | P2: =HYPERLINK("https://drive.google.com/file/d/1ibVfvCIC04pMfgxsGH9mTrMtHXWSpxvi/view?usp=drivesdk","Kadar Air_Abu_557") -> Kadar Air_Abu_557 | Q2: Document successfully created; Document successfully merged; PDF created; Manually run by labterpadu.unit.uns@gmail.com; Timestamp: Sep 26 2025 1:11 AM
A3: 46259 | B3: 46260 | C3: 556 | D3: Rory Ade Kurniawan | E3: A132202013 | F3: ilmu lingkungan/pasca sarjana/uns | G3: Tidak Akses | H3: Oven (Kadar Air) | I3: Sartono | J3: 1 | K3: 80000 | L3: =J3*K3 -> 80000 | M3: Retno H | N3: 1nRppHkhST7e6KZAvFt7j6Riq2BCuSnVA | O3: https://drive.google.com/file/d/1nRppHkhST7e6KZAvFt7j6Riq2BCuSnVA/view?usp=drivesdk | P3: =HYPERLINK("https://drive.google.com/file/d/1nRppHkhST7e6KZAvFt7j6Riq2BCuSnVA/view?usp=drivesdk","Kadar Air_Abu_556") -> Kadar Air_Abu_556 | Q3: Document successfully created; Document successfully merged; PDF created; Manually run by labterpadu.unit.uns@gmail.com; Timestamp: Sep 26 2025 1:11 AM
A4: 46294 | B4: 45939 | C4: 641 | D4: Hafidz Praba Harjono | E4: - | F4: SMA NEGERI 4 SURAKARTA | G4: Tidak Akses | H4: Oven (Kadar Air) | I4: Pratiwi | J4: 8 | K4: 100000 | L4: =J4*K4 -> 800000 | M4: Retno H | N4: 1TBNdzBu31Mu4P4IoZwDHXkWGR7ANmAm8 | O4: https://drive.google.com/file/d/1TBNdzBu31Mu4P4IoZwDHXkWGR7ANmAm8/view?usp=drivesdk | P4: =HYPERLINK("https://drive.google.com/file/d/1TBNdzBu31Mu4P4IoZwDHXkWGR7ANmAm8/view?usp=drivesdk","Kadar Air_Abu_641") -> Kadar Air_Abu_641 | Q4: Document successfully created; Document successfully merged; PDF created; Manually run by labterpadu.unit.uns@gmail.com; Timestamp: Oct 9 2025 4:59 AM

Sheet Daya Serap Iod
A1: Tanggal Map Keluar | B1: Hari, Tanggal pembuatan rekap | C1: Agenda | D1: Nama | E1: NIM/NIP | F1: Fakultas/Univ | G1: Akses Lab | H1: Instrument | I1: Operator | J1: Jumlah Sampel | K1: Harga per sampel | L1: Harga Total | M1: Pembuat Rekap | N1: Merged Doc ID - Daya Serap Iod | O1: Merged Doc URL - Daya Serap Iod | P1: Link to merged Doc - Daya Serap Iod | Q1: Document Merge Status - Daya Serap Iod
A2: 46259 | B2: 46260 | C2: 558 | D2: Rory Ade Kurniawan | E2: A132202013 | F2: ilmu lingkungan/pasca sarjana/uns | G2: Tidak Akses | H2: Daya serap Iod | I2: Galuh Pratiwi | J2: 1 | K2: 100000 | L2: =J2*K2 -> 100000 | M2: Retno H | N2: 1brb3L_04ewOpn1EEnYejZV_wBX1BKYqT | O2: https://drive.google.com/file/d/1brb3L_04ewOpn1EEnYejZV_wBX1BKYqT/view?usp=drivesdk | P2: =HYPERLINK("https://drive.google.com/file/d/1brb3L_04ewOpn1EEnYejZV_wBX1BKYqT/view?usp=drivesdk","Daya_Serap_Iod_558") -> Daya_Serap_Iod_558 | Q2: Document successfully created; Document successfully merged; PDF created; Manually run by labterpadu.unit.uns@gmail.com; Timestamp: Sep 26 2025 1:26 AM

Sheet HPLC
A1: Tanggal Map Keluar | B1: Hari, Tanggal pembuatan rekap | C1: Agenda | D1: Nama | E1: NIM/NIP | F1: Fakultas/Univ | G1: Akses Lab | H1: Instrument | I1: Operator | J1: Jumlah Sampel | K1: Jumlah Paket | L1: Harga per paket | M1: Tambahan sampel | N1: Harga per sampel | O1: HargaTotal | P1: Menghidupkan alat | Q1: Penstabilan | R1: Waktu retensi | S1: Waktu retensi x 2 | T1: Preparasi pengukuran sampel | U1: Pencucian kolom2 | V1: Pengolahan data | W1: Pencucian kolom sebelum dimatikan | X1: Mematikan instrument | Y1: Total waktu pengerjaan | Z1: Total Biaya Analisis | AA1: Disposable syringe | AB1: Harga_1 | AC1: Total1 | AD1: Jumlah Syringe | AE1: Harga_2 | AF1: Total2 | AG1: Jumlah Whatman 42 | AH1: Harga_3 | AI1: Total3 | AJ1: Pelarut | AK1: Volume | AL1: Harga_4 | AM1: Total4 | AN1: Asetonitril | AO1: Harga_5 | AP1: Total5 | AQ1: Metanol | AR1: Harga_6 | AS1: Total6 | AT1: Water Injection | AU1: Harga_7 | AV1: Total7 | AW1: Jumlah kertas saring | AX1: Harga_8 | AY1: Total8 | AZ1: Total_Bahan | BA1: Pembuat Rekap | BB1: Merged Doc ID - Rekap HPLC | BC1: Merged Doc URL - Rekap HPLC | BD1: Link to merged Doc - Rekap HPLC | BE1: Document Merge Status - Rekap HPLC
A2: 45555 | B2: 45558 | C2: 790 | D2: Vito Bintang Saputra | E2: M0321076 | F2: Kimia/FMIPA/Universitas Sebelas Maret | G2: Akses | H2: HPLC | I2: Dendy | J2: 5 | K2: 1 | L2: 150000 | M2: 0 | N2: 0 | P2: 5 | Q2: 60 | R2: 10 | S2: =2*R2 -> 20 | T2: =10*J2 -> 50 | U2: =R2*J2 -> 50 | V2: =5*J2 -> 25 | W2: 60 | X2: 5 | Y2: =SUM(P2:X2) -> 285 | AA2: 0 | AB2: 0 | AC2: 0 | AD2: 0 | AE2: 0 | AF2: 0 | AG2: 0 | AH2: 0 | AI2: 0 | AJ2: 0 | AK2: 0 | AL2: 0 | AM2: 0 | AN2: 0 | AO2: 0 | AP2: 0 | AQ2: 60 | AR2: 0 | AS2: 0 | AT2: 0 | AU2: 0 | AV2: 0 | AW2: 1 | AX2: 0 | AY2: 0 | BA2: Retno H | BB2: 1QZnS9PLNPOaQDWGRsKAPDmssbsnP0fI4 | BC2: https://drive.google.com/file/d/1QZnS9PLNPOaQDWGRsKAPDmssbsnP0fI4/view?usp=drivesdk | BD2: =HYPERLINK("https://drive.google.com/file/d/1QZnS9PLNPOaQDWGRsKAPDmssbsnP0fI4/view?usp=drivesdk","Rekap HPLC Vito Bintang Saputra_790") -> Rekap HPLC Vito Bintang Saputra_790 | BE2: Document successfully created; Document successfully merged; PDF created; Manually run by labterpadu.unit.uns@gmail.com; Timestamp: Sep 21 2024 9:36 AM
A3: 45553 | B3: 45645 | C3: 781 | D3: Adlinisa Ghinanda | E3: M0620001 | F3: S1 Farmasi FMIPA Universitas Sebelas Maret | G3: Akses | H3: HPLC | I3: Dendy dan Widyan | J3: 2 | K3: 1 | L3: 150000 | M3: 18 | N3: =M3*50000 -> 900000 | P3: 5 | Q3: 60 | R3: 85 | S3: =2*R3 -> 170 | T3: =R3*(J3+M3) -> 1700 | U3: =R3*(J3+M3) -> 1700 | V3: =5*(J3+M3) -> 100 | W3: 60 | X3: 5 | Y3: =SUM(P3:X3) -> 3885 | AA3: 0 | AB3: 0 | AC3: 0 | AD3: 0 | AE3: 0 | AF3: 0 | AG3: 1 | AH3: 10000 | AI3: =AG3*AH3 -> 10000 | AJ3: Asam fosfat | AK3: 12 | AL3: 1100 | AM3: =AK3*AL3 -> 13200 | AN3: 1350 | AO3: 1500 | AP3: =AN3*AO3 -> 2025000 | AQ3: 500 | AR3: 1000 | AS3: =AQ3*AR3 -> 500000 | AT3: 0 | AU3: 0 | AV3: 0 | AW3: 0 | AX3: 0 | AY3: 0 | AZ3: =AI3+AM3+AP3+AS3 -> 2548200 | BA3: Retno H | BB3: 11dsMBcxL8YYVdz7e29_p0u5Z1jOC8b7W | BC3: https://drive.google.com/file/d/11dsMBcxL8YYVdz7e29_p0u5Z1jOC8b7W/view?usp=drivesdk | BD3: =HYPERLINK("https://drive.google.com/file/d/11dsMBcxL8YYVdz7e29_p0u5Z1jOC8b7W/view?usp=drivesdk","Rekap HPLC Adlinisa Ghinanda_781") -> Rekap HPLC Adlinisa Ghinanda_781 | BE3: Document successfully created; Document successfully merged; PDF created; Manually run by labterpadu.unit.uns@gmail.com; Timestamp: Dec 18 2024 10:25 PM
A4: 45567 | B4: Selasa,3 Desember 2024 | C4: 808 | D4: Lisa Sefriana | E4: S532308024 | F4: S2 Ilmu Gizi UNS | G4: Akses | H4: HPLC | I4: Annisa dan Widyan | J4: 6 | K4: 1 | L4: 150000 | M4: 2 | N4: =M4*50000 -> 100000 | P4: 5 | Q4: 60 | R4: 14 | S4: =2*R4 -> 28 | T4: =R4*(J4+M4) -> 112 | U4: =R4*(J4+M4) -> 112 | V4: 45 | W4: 60 | X4: 5 | Y4: =SUM(P4,X4,W4,V4,U4,T4,S4,Q4) -> 427 | AA4: 4 | AB4: 5000 | AC4: =AA4*AB4 -> 20000 | AD4: 4 | AE4: 50000 | AF4: =AD4*AE4 -> 200000 | AG4: 1 | AH4: 10000 | AI4: =AG4*AH4 -> 10000 | AJ4: Metanol | AK4: 0 | AL4: 0 | AM4: =AK4*AL4 -> 0 | AN4: 100 | AO4: 1500 | AP4: =AN4*AO4 -> 150000 | AQ4: 200 | AR4: 1000 | AS4: =AQ4*AR4 -> 200000 | AT4: 0 | AU4: 0 | AV4: =AT4*AU4 -> 0 | AW4: 0 | AX4: 0 | AY4: 0 | AZ4: =AC4+AF4+AI4+AM4+AP4+AS4+AV4 -> 580000 | BA4: Retno H | BB4: 1hXls0OV4DjT3C0087-U9yZNP-7S0zT7k | BC4: https://drive.google.com/file/d/1hXls0OV4DjT3C0087-U9yZNP-7S0zT7k/view?usp=drivesdk | BD4: =HYPERLINK("https://drive.google.com/file/d/1hXls0OV4DjT3C0087-U9yZNP-7S0zT7k/view?usp=drivesdk","Rekap HPLC Lisa Sefriana_808") -> Rekap HPLC Lisa Sefriana_808 | BE4: Document successfully created; Document successfully merged; PDF created; Manually run by labterpadu.unit.uns@gmail.com; Timestamp: Dec 3 2024 10:00 PM
A5: 45567 | B5: Selasa,3 Desember 2024 | C5: 809 | D5: Eva Susilawati | E5: S532308020 | F5: S2 Ilmu Gizi / Pascasarjana / UNS | G5: Akses | H5: HPLC | I5: Annisa dan Widyan | J5: 6 | K5: 1 | L5: 150000 | M5: 5 | N5: =M5*50000 -> 250000 | P5: 5 | Q5: 60 | R5: 10 | S5: =2*R5 -> 20 | T5: =R5*(J5+M5) -> 110 | U5: =R5*(J5+M5) -> 110 | V5: 45 | W5: 60 | X5: 5 | Y5: =SUM(P5,X5,W5,V5,U5,T5,S5,Q5) -> 415 | AA5: 6 | AB5: 5000 | AC5: =AA5*AB5 -> 30000 | AD5: 6 | AE5: 50000 | AF5: =AD5*AE5 -> 300000 | AG5: 1 | AH5: 10000 | AI5: =AG5*AH5 -> 10000 | AJ5: Metanol | AK5: 0 | AL5: 0 | AM5: =AK5*AL5 -> 0 | AN5: 100 | AO5: 1500 | AP5: =AN5*AO5 -> 150000 | AQ5: 200 | AR5: 1000 | AS5: =AQ5*AR5 -> 200000 | AT5: 0 | AU5: 0 | AV5: =AT5*AU5 -> 0 | AW5: 0 | AX5: 0 | AY5: 0 | AZ5: =AC5+AF5+AI5+AM5+AP5+AS5+AV5 -> 690000 | BA5: Retno H | BB5: 1PfTAYPtreqJJi2AKjl5pKT7k-71CPuCc | BC5: https://drive.google.com/file/d/1PfTAYPtreqJJi2AKjl5pKT7k-71CPuCc/view?usp=drivesdk | BD5: =HYPERLINK("https://drive.google.com/file/d/1PfTAYPtreqJJi2AKjl5pKT7k-71CPuCc/view?usp=drivesdk","Rekap HPLC Eva Susilawati _") -> Rekap HPLC Eva Susilawati _ | BE5: Document successfully created; Document successfully merged; PDF created; Manually run by labterpadu.unit.uns@gmail.com; Timestamp: Dec 3 2024 9:55 PM
A6: 45567 | B6: Selasa,3 Desember 2024 | C6: 810 | D6: Wahyu Aulia Hasibuan | E6: S532308037 | F6: S2 Ilmu Gizi UNS | G6: Akses | H6: HPLC | I6: Annisa dan Widyan | J6: 6 | K6: 1 | L6: 150000 | M6: 15 | N6: =M6*50000 -> 750000 | P6: 5 | Q6: 60 | R6: 11 | S6: =2*R6 -> 22 | T6: =R6*(J6+M6) -> 231 | U6: =R6*(J6+M6) -> 231 | V6: 105 | W6: 60 | X6: 5 | Y6: =SUM(P6,X6,W6,V6,U6,T6,S6,Q6) -> 719 | AA6: 9 | AB6: 5000 | AC6: =AA6*AB6 -> 45000 | AD6: 9 | AE6: 50000 | AF6: =AD6*AE6 -> 450000 | AG6: 1 | AH6: 10000 | AI6: =AG6*AH6 -> 10000 | AJ6: Metanol | AK6: 0 | AL6: 0 | AM6: =AK6*AL6 -> 0 | AN6: 109 | AO6: 1500 | AP6: =AN6*AO6 -> 163500 | AQ6: 258 | AR6: 1000 | AS6: =AQ6*AR6 -> 258000 | AT6: 0 | AU6: 0 | AV6: =AT6*AU6 -> 0 | AW6: 0 | AX6: 0 | AY6: 0 | AZ6: =AC6+AF6+AI6+AM6+AP6+AS6+AV6 -> 926500 | BA6: Retno H | BB6: 1sBEvDe_imTAAr-XZlHY_VxRZWgwVOsLq | BC6: https://drive.google.com/file/d/1sBEvDe_imTAAr-XZlHY_VxRZWgwVOsLq/view?usp=drivesdk | BD6: =HYPERLINK("https://drive.google.com/file/d/1sBEvDe_imTAAr-XZlHY_VxRZWgwVOsLq/view?usp=drivesdk","Rekap HPLC Wahyu Aulia Hasibuan_") -> Rekap HPLC Wahyu Aulia Hasibuan_ | BE6: Document successfully created; Document successfully merged; PDF created; Manually run by labterpadu.unit.uns@gmail.com; Timestamp: Dec 3 2024 10:00 PM
A7: 45497 | B7: Selasa,3 Desember 2025 | C7: 671 | D7: Lia Umi Khasanah | E7: T652008006 | F7: S3 Ilmu Pertanian | G7: Akses | H7: HPLC | I7: Badif, Dendy, Widyan | J7: 42 | K7: 7 | L7: 150000 | M7: 30 | N7: =M7*50000 -> 1500000 | P7: 5 | Q7: 60 | R7: 5 | S7: =2*R7 -> 10 | T7: =R7*(J7+M7) -> 360 | U7: =R7*(J7+M7) -> 360 | V7: 330 | W7: 60 | X7: 5 | Y7: =SUM(P7,X7,W7,V7,U7,T7,S7,Q7) -> 1190 | AA7: 0 | AB7: 0 | AC7: 0 | AD7: 0 | AE7: 0 | AF7: 0 | AG7: 0 | AH7: 0 | AI7: =AG7*AH7 -> 0 | AJ7: 0 | AK7: 0 | AL7: 0 | AM7: 0 | AN7: 0 | AO7: 0 | AP7: 0 | AQ7: 100 | AR7: 1000 | AS7: 0 | AT7: 0 | AU7: 0 | AV7: 0 | AW7: 1 | AX7: 0 | AY7: 0 | BA7: Retno H | BB7: 1N6btOJR8wLDPfRl3iZXL0BxAuOyQG6Qi | BC7: https://drive.google.com/file/d/1N6btOJR8wLDPfRl3iZXL0BxAuOyQG6Qi/view?usp=drivesdk | BD7: =HYPERLINK("https://drive.google.com/file/d/1N6btOJR8wLDPfRl3iZXL0BxAuOyQG6Qi/view?usp=drivesdk","Rekap HPLC Lia Umi Khasanah_671") -> Rekap HPLC Lia Umi Khasanah_671 | BE7: Document successfully created; Document successfully merged; PDF created; Manually run by labterpadu.unit.uns@gmail.com; Timestamp: Oct 31 2024 11:45 PM
A8: 45632 | B8: 45632 | C8: 922 | D8: Wahyu Aulia Hasibuan | E8: S532308037 | F8: S2 Gizi / Pasca Sarjana / Universitas Sebelas Maret | G8: Akses | H8: HPLC | I8: Annisa dan Widyan | J8: 6 | K8: 1 | L8: 150000 | M8: 6 | N8: =M8*50000 -> 300000 | P8: 5 | Q8: 60 | R8: 5 | S8: =2*R8 -> 10 | T8: =(R8*(J8+M8)) -> 60 | U8: =(R8*(J8+M8)) -> 60 | V8: 50 | W8: 60 | X8: 5 | Y8: =SUM(P8:X8) -> 315 | AA8: 0 | AB8: 0 | AC8: 0 | AD8: 0 | AE8: 0 | AF8: 0 | AG8: 0 | AH8: 0 | AI8: =AG8*AH8 -> 0 | AJ8: ACN:MeOH | AK8: 0 | AL8: 0 | AM8: =AK8*AL8 -> 0 | AN8: 250.5 | AO8: 1500 | AP8: =AN8*AO8 -> 375750 | AQ8: 370.5 | AR8: 1000 | AS8: =AQ8*AR8 -> 370500 | AT8: 0 | AU8: 0 | AV8: 0 | AW8: 0 | AX8: 0 | AY8: 0 | AZ8: =AP8+AS8 -> 746250 | BA8: Retno H | BB8: 16CHL8vrDb4xhFB1LhCcxmnQEf-MZVB57 | BC8: https://drive.google.com/file/d/16CHL8vrDb4xhFB1LhCcxmnQEf-MZVB57/view?usp=drivesdk | BD8: =HYPERLINK("https://drive.google.com/file/d/16CHL8vrDb4xhFB1LhCcxmnQEf-MZVB57/view?usp=drivesdk","Rekap HPLC Wahyu Aulia Hasibuan_922") -> Rekap HPLC Wahyu Aulia Hasibuan_922 | BE8: Document successfully created; Document successfully merged; PDF created; Manually run by labterpadu.unit.uns@gmail.com; Timestamp: Dec 8 2024 10:29 PM
A9: 45632 | B9: 45632 | C9: 924 | D9: Wahyu Aulia Hasibuan | E9: S532308037 | F9: S2 Gizi / Pasca Sarjana / Universitas Sebelas Maret | G9: Akses | H9: HPLC | I9: Annisa dan Widyan | J9: 1 | K9: 1 | L9: 150000 | M9: 0 | N9: 0 | P9: 5 | Q9: 60 | R9: 12 | S9: =2*R9 -> 24 | T9: =(R9*J9) -> 12 | U9: =(R9*J9) -> 12 | V9: 5 | W9: 60 | X9: 5 | Y9: =SUM(P9:X9) -> 195 | AA9: 0 | AB9: 0 | AC9: 0 | AD9: 0 | AE9: 0 | AF9: 0 | AG9: 0 | AH9: 0 | AI9: =AG9*AH9 -> 0 | AJ9: ACN:Formic acid | AK9: 0 | AL9: 0 | AM9: 0 | AN9: 90.12 | AO9: 1500 | AP9: =AN9*AO9 -> 135180 | AQ9: 33 | AR9: 1000 | AS9: =AQ9*AR9 -> 33000 | AT9: 45 | AU9: 1000 | AV9: =AT9*AU9 -> 45000 | AW9: 0 | AX9: 0 | AY9: 0 | AZ9: =AP9+AS9+AV9 -> 213180 | BA9: Retno H | BB9: 1licsAdnbpWyvndb1p0vgcffEIOHljjnu | BC9: https://drive.google.com/file/d/1licsAdnbpWyvndb1p0vgcffEIOHljjnu/view?usp=drivesdk | BD9: =HYPERLINK("https://drive.google.com/file/d/1licsAdnbpWyvndb1p0vgcffEIOHljjnu/view?usp=drivesdk","Rekap HPLC Wahyu Aulia Hasibuan_924") -> Rekap HPLC Wahyu Aulia Hasibuan_924 | BE9: Document successfully created; Document successfully merged; PDF created; Manually run by labterpadu.unit.uns@gmail.com; Timestamp: Dec 6 2024 3:33 AM
A10: 45597 | B10: 45636 | C10: 866 | D10: Rennanti Lunnadiyah Aprilia | E10: T652100808 | F10: S3 Ilmu Pertanian/FP/UNS | G10: Tidak Akses | H10: HPLC | I10: Widyan | J10: 5 | K10: 1 | L10: 300000 | M10: 0 | N10: 0 | P10: 5 | Q10: 60 | R10: 6 | S10: =2*R10 -> 12 | T10: =J10*R10 -> 30 | U10: =J10*R10 -> 30 | V10: =5*J10 -> 25 | W10: 60 | X10: 5 | Y10: =SUM(Q10:X10) -> 228 | AA10: 2 | AB10: 5000 | AC10: =AA10*AB10 -> 10000 | AD10: 2 | AE10: 50000 | AF10: =AD10*AE10 -> 100000 | AG10: 0 | AH10: 0 | AI10: =AG10*AH10 -> 0 | AJ10: MeOH:WFI | AK10: 0 | AL10: 0 | AM10: 0 | AN10: 0 | AO10: 0 | AP10: 0 | AQ10: 137.75 | AR10: 1000 | AS10: =AQ10*AR10 -> 137750 | AT10: 301.5 | AU10: 875 | AV10: =AT10*AU10 -> 263812.5 | AW10: 0 | AX10: 0 | AY10: 0 | AZ10: =AC10+AF10+AS10+AV10 -> 511562.5 | BA10: Retno H | BB10: 1JT4ZR74lbj7d2SRzQuUQL6gikqkIO53V | BC10: https://drive.google.com/file/d/1JT4ZR74lbj7d2SRzQuUQL6gikqkIO53V/view?usp=drivesdk | BD10: =HYPERLINK("https://drive.google.com/file/d/1JT4ZR74lbj7d2SRzQuUQL6gikqkIO53V/view?usp=drivesdk","Rekap HPLC Rennanti Lunnadiyah Aprilia_866") -> Rekap HPLC Rennanti Lunnadiyah Aprilia_866 | BE10: Document successfully created; Document successfully merged; PDF created; Manually run by labterpadu.unit.uns@gmail.com; Timestamp: Dec 10 2024 5:21 AM
A11: 45638 | B11: 45642 | C11: 933 | D11: Lia Umi Khasanah | E11: T652008006 | F11: Pertanian | G11: Akses | H11: HPLC | I11: Dendy | J11: 8 | K11: 1 | L11: 150000 | M11: 2 | N11: =M11*50000 -> 100000 | P11: 5 | Q11: 60 | R11: 5 | S11: =2*R11 -> 10 | T11: =J11*R11 -> 40 | U11: =J11*R11 -> 40 | V11: =5*J11 -> 40 | W11: 60 | X11: 5 | Y11: =SUM(Q11:X11) -> 260 | AA11: 0 | AB11: 0 | AC11: 0 | AD11: 0 | AE11: 0 | AF11: 0 | AG11: 0 | AH11: 0 | AI11: =AG11*AH11 -> 0 | AJ11: 0 | AK11: 0 | AL11: 0 | AM11: 0 | AN11: 0 | AO11: 0 | AP11: 0 | AQ11: 25 | AR11: 1000 | AS11: =AQ11*AR11 -> 25000 | AT11: 250 | AU11: 875 | AV11: =AT11*AU11 -> 218750 | AW11: 0 | AX11: 0 | AY11: 0 | AZ11: =AC11+AF11+AS11+AV11 -> 243750 | BA11: Retno H | BB11: 1sdyA4fRnN2tmPDuJd-lPpugMqTnvBgp- | BC11: https://drive.google.com/file/d/1sdyA4fRnN2tmPDuJd-lPpugMqTnvBgp-/view?usp=drivesdk | BD11: =HYPERLINK("https://drive.google.com/file/d/1sdyA4fRnN2tmPDuJd-lPpugMqTnvBgp-/view?usp=drivesdk","Rekap HPLC Lia Umi Khasanah_933") -> Rekap HPLC Lia Umi Khasanah_933 | BE11: Document successfully created; Document successfully merged; PDF created; Manually run by labterpadu.unit.uns@gmail.com; Timestamp: Dec 18 2024 1:23 AM
A12: 45631 | B12: 45691 | C12: 921 | D12: Fernanda Aulia Grahayanti | E12: J520210060 | F12: Kedokteran Gigi/Universitas Muhammadiyah Surakarta | G12: Tidak Akses | H12: HPLC | I12: Widyan | J12: 34 | K12: - | L12: - | M12: - | N12: =100000 -> 100000 | O12: =J12*N12 -> 3400000 | P12: 5 | Q12: 60 | R12: 11 | S12: =2*R12 -> 22 | T12: =J12*R12 -> 374 | U12: =J12*R12 -> 374 | V12: =5*J12 -> 170 | W12: 60 | X12: 5 | Y12: =SUM(P12:X12) -> 1081 | AA12: 4 | AB12: 5000 | AC12: =AA12*AB12 -> 20000 | AD12: 4 | AE12: 50000 | AF12: =AD12*AE12 -> 200000 | AG12: 0 | AH12: 0 | AI12: =AG12*AH12 -> 0 | AJ12: ACN:MeOH | AK12: 0 | AL12: 0 | AM12: 0 | AN12: 372 | AO12: 1500 | AP12: =AN12*AO12 -> 558000 | AQ12: 380 | AR12: 1000 | AS12: =AQ12*AR12 -> 380000 | AT12: 0 | AU12: 0 | AV12: =AT12*AU12 -> 0 | AW12: 0 | AX12: 0 | AY12: 0 | AZ12: =AC12+AF12+AP12+AS12+AV12 -> 1158000 | BA12: Retno H | BB12: 1LOGlyaNkDgANPFb540B-NeaNsOiwoJmi | BC12: https://drive.google.com/file/d/1LOGlyaNkDgANPFb540B-NeaNsOiwoJmi/view?usp=drivesdk | BD12: =HYPERLINK("https://drive.google.com/file/d/1LOGlyaNkDgANPFb540B-NeaNsOiwoJmi/view?usp=drivesdk","Rekap HPLC Fernanda Aulia Grahayanti_921") -> Rekap HPLC Fernanda Aulia Grahayanti_921 | BE12: Document successfully created; Document successfully merged; PDF created; Manually run by labterpadu.unit.uns@gmail.com; Timestamp: Feb 2 2025 9:16 PM
A13: 45859 | B13: 45862 | C13: 486 | D13: Dwi Setiawan | E13: - | F13: - | G13: Tidak Akses | H13: HPLC | I13: Widyan | J13: 3 | K13: 0 | L13: 0 | M13: 0 | N13: 100000 | O13: =J13*N13 -> 300000 | P13: 5 | Q13: 60 | R13: 5 | S13: =2*R13 -> 10 | T13: =J13*R13 -> 15 | U13: =J13*R13 -> 15 | V13: =5*J13 -> 15 | W13: 60 | X13: 5 | Y13: =SUM(P13:X13) -> 190 | AA13: 0 | AB13: 0 | AC13: =AA13*AB13 -> 0 | AD13: 0 | AE13: 0 | AF13: =AD13*AE13 -> 0 | AG13: 0 | AH13: 0 | AI13: =AG13*AH13 -> 0 | AJ13: WFI | AK13: 0 | AL13: 0 | AM13: 0 | AN13: 0 | AO13: 0 | AP13: =AN13*AO13 -> 0 | AQ13: 0 | AR13: 0 | AS13: =AQ13*AR13 -> 0 | AT13: 50 | AU13: 875 | AV13: =AT13*AU13 -> 43750 | AW13: 0 | AX13: 0 | AY13: 0 | AZ13: =AC13+AF13+AP13+AS13+AV13 -> 43750 | BA13: Retno H | BB13: 13oNGplBHbPYSaGOeZF-PUl59zWHL45mL | BC13: https://drive.google.com/file/d/13oNGplBHbPYSaGOeZF-PUl59zWHL45mL/view?usp=drivesdk | BD13: =HYPERLINK("https://drive.google.com/file/d/13oNGplBHbPYSaGOeZF-PUl59zWHL45mL/view?usp=drivesdk","Rekap HPLC Dwi Setiawan_486") -> Rekap HPLC Dwi Setiawan_486 | BE13: Document successfully created; Document successfully merged; PDF created; Manually run by labterpadu.unit.uns@gmail.com; Timestamp: Jul 24 2025 5:16 AM
A14: 45805 | B14: 45862 | C14: 341 | D14: Rennanti Lunnadiyah Aprilia | E14: T652100808 | F14: S3 Ilmu Pertanian | G14: Tidak Akses | H14: HPLC | I14: Widyan | J14: 15 | K14: 0 | L14: 0 | M14: 0 | N14: 60000 | O14: =J14*N14 -> 900000 | P14: 5 | Q14: 60 | R14: 5 | S14: =2*R14 -> 10 | T14: =J14*R14 -> 75 | U14: =J14*R14 -> 75 | V14: =5*J14 -> 75 | W14: 60 | X14: 5 | Y14: =SUM(P14:X14) -> 370 | AA14: 15 | AB14: 3000 | AC14: =AA14*AB14 -> 45000 | AD14: 15 | AE14: 30000 | AF14: =AD14*AE14 -> 450000 | AG14: 0 | AH14: 0 | AI14: =AG14*AH14 -> 0 | AJ14: WFI:MeOH | AK14: 0 | AL14: 0 | AM14: 0 | AN14: 0 | AO14: 0 | AP14: =AN14*AO14 -> 0 | AQ14: 0 | AR14: 0 | AS14: =AQ14*AR14 -> 0 | AT14: 0 | AU14: 0 | AV14: =AT14*AU14 -> 0 | AW14: 0 | AX14: 0 | AY14: 0 | AZ14: =AC14+AF14+AP14+AS14+AV14 -> 495000 | BA14: Retno H | BB14: 1KTo_2Yspl8puhSl2ej82RXfQIaFOpJPB | BC14: https://drive.google.com/file/d/1KTo_2Yspl8puhSl2ej82RXfQIaFOpJPB/view?usp=drivesdk | BD14: =HYPERLINK("https://drive.google.com/file/d/1KTo_2Yspl8puhSl2ej82RXfQIaFOpJPB/view?usp=drivesdk","Rekap HPLC Rennanti Lunnadiyah Aprilia_341") -> Rekap HPLC Rennanti Lunnadiyah Aprilia_341 | BE14: Document successfully created; Document successfully merged; PDF created; Manually run by labterpadu.unit.uns@gmail.com; Timestamp: Jul 24 2025 5:17 AM
A15: 45839 | B15: 45866 | C15: 278 | D15: Shima Priyanka Anti Tirani | E15: H0721150 | F15: Agroteknologi/Pertanian/UNS | G15: Akses | H15: HPLC | I15: Widyan | J15: 16 | K15: 0 | L15: 0 | M15: 0 | N15: 60000 | O15: =J15*N15 -> 960000 | P15: 5 | Q15: 60 | R15: 20 | S15: =2*R15 -> 40 | T15: =J15*R15 -> 320 | U15: =J15*R15 -> 320 | V15: =5*J15 -> 80 | W15: 60 | X15: 5 | Y15: =SUM(P15:X15) -> 910 | AA15: 0 | AB15: 0 | AC15: =AA15*AB15 -> 0 | AD15: 0 | AE15: 0 | AF15: =AD15*AE15 -> 0 | AG15: 0 | AH15: 0 | AI15: =AG15*AH15 -> 0 | AJ15: 0 | AK15: 0 | AL15: 0 | AM15: 0 | AN15: 0 | AO15: 0 | AP15: =AN15*AO15 -> 0 | AQ15: 0 | AR15: 0 | AS15: =AQ15*AR15 -> 0 | AT15: 0 | AU15: 0 | AV15: =AT15*AU15 -> 0 | AW15: 0 | AX15: 0 | AY15: 0 | AZ15: =AC15+AF15+AP15+AS15+AV15 -> 0 | BA15: Retno H | BB15: 1kqT8dinvyKXJHun0NUYQAsNTvrdcjasq | BC15: https://drive.google.com/file/d/1kqT8dinvyKXJHun0NUYQAsNTvrdcjasq/view?usp=drivesdk | BD15: =HYPERLINK("https://drive.google.com/file/d/1kqT8dinvyKXJHun0NUYQAsNTvrdcjasq/view?usp=drivesdk","Rekap HPLC Shima Priyanka Anti Tirani_278") -> Rekap HPLC Shima Priyanka Anti Tirani_278 | BE15: Document successfully created; Document successfully merged; PDF created; Manually run by labterpadu.unit.uns@gmail.com; Timestamp: Jul 28 2025 4:23 AM
A16: 45909 | B16: 45915 | C16: 583 | D16: Irfan Hanifah Saana | E16: - | F16: CV Bintang Mitra Mulia | G16: Tidak Akses | H16: HPLC | I16: Widyan | J16: 6 | K16: 0 | L16: 0 | M16: 0 | N16: 100000 | O16: =J16*N16 -> 600000 | P16: 5 | Q16: 60 | R16: 5 | S16: =2*R16 -> 10 | T16: =J16*R16 -> 30 | U16: =J16*R16 -> 30 | V16: =5*J16 -> 30 | W16: 60 | X16: 5 | Y16: =SUM(P16:X16) -> 235 | AA16: 0 | AB16: 0 | AC16: =AA16*AB16 -> 0 | AD16: 0 | AE16: 0 | AF16: =AD16*AE16 -> 0 | AG16: 0 | AH16: 0 | AI16: =AG16*AH16 -> 0 | AJ16: WFI | AK16: 0 | AL16: 0 | AM16: 0 | AN16: 0 | AO16: 0 | AP16: =AN16*AO16 -> 0 | AQ16: 0 | AR16: 0 | AS16: =AQ16*AR16 -> 0 | AT16: 70 | AU16: 875 | AV16: =AT16*AU16 -> 61250 | AW16: 0 | AX16: 0 | AY16: 0 | AZ16: =AC16+AF16+AP16+AS16+AV16 -> 61250 | BA16: Retno H | BB16: 1wcONXcA_09HdxADGB4SOs7ju5EuFb144 | BC16: https://drive.google.com/file/d/1wcONXcA_09HdxADGB4SOs7ju5EuFb144/view?usp=drivesdk | BD16: =HYPERLINK("https://drive.google.com/file/d/1wcONXcA_09HdxADGB4SOs7ju5EuFb144/view?usp=drivesdk","Rekap HPLC Irfan Hanifah Saana_583") -> Rekap HPLC Irfan Hanifah Saana_583 | BE16: Document successfully created; Document successfully merged; PDF created; Manually run by labterpadu.unit.uns@gmail.com; Timestamp: Sep 15 2025 12:26 AM
A17: 45863 | B17: 45947 | C17: 503 | D17: Dwi Esterina Ayu Utami | E17: I0522035 | F17: Teknik Kimia / Teknik / UNS | G17: Tidak Akses | H17: HPLC | I17: Widyan | J17: 18 | K17: 0 | L17: 0 | M17: 0 | N17: 60000 | O17: =J17*N17 -> 1080000 | P17: 5 | Q17: 60 | R17: 17 | S17: =2*R17 -> 34 | T17: =J17*R17 -> 306 | U17: =J17*R17 -> 306 | V17: =5*J17 -> 90 | W17: 60 | X17: 5 | Y17: =SUM(P17:X17) -> 883 | AA17: 0 | AB17: 0 | AC17: =AA17*AB17 -> 0 | AD17: 0 | AE17: 0 | AF17: =AD17*AE17 -> 0 | AG17: 0 | AH17: 0 | AI17: =AG17*AH17 -> 0 | AJ17: Metanol:Asetonitril | AK17: 0 | AL17: 0 | AM17: 0 | AN17: 200 | AO17: 1500 | AP17: =AN17*AO17 -> 300000 | AQ17: 400 | AR17: 1000 | AS17: =AQ17*AR17 -> 400000 | AT17: 0 | AU17: 0 | AV17: =AT17*AU17 -> 0 | AW17: 0 | AX17: 0 | AY17: 0 | AZ17: =AC17+AF17+AP17+AS17+AV17 -> 700000 | BA17: Retno H | BB17: 1koEN29xHJkiirGeo2CEd6ygs1IY5Gblu | BC17: https://drive.google.com/file/d/1koEN29xHJkiirGeo2CEd6ygs1IY5Gblu/view?usp=drivesdk | BD17: =HYPERLINK("https://drive.google.com/file/d/1koEN29xHJkiirGeo2CEd6ygs1IY5Gblu/view?usp=drivesdk","Rekap HPLC Dwi Esterina Ayu Utami_503") -> Rekap HPLC Dwi Esterina Ayu Utami_503 | BE17: Document successfully created; Document successfully merged; PDF created; Manually run by labterpadu.unit.uns@gmail.com; Timestamp: Oct 20 2025 2:09 AM
A18: 45957 | B18: 45958 | C18: 718 | D18: Lia Umi Khasanah | E18: 198007312008012012 | F18: ITP/FP/UNS | G18: Tidak Akses | H18: HPLC | I18: Widyan | J18: 30 | K18: 0 | L18: 0 | M18: 0 | N18: 60000 | O18: =J18*N18 -> 1800000 | P18: 5 | Q18: 60 | R18: 17 | S18: =2*R18 -> 34 | T18: =J18*R18 -> 510 | U18: =J18*R18 -> 510 | V18: =5*J18 -> 150 | W18: 60 | X18: 5 | Y18: =SUM(P18:X18) -> 1351 | AA18: 0 | AB18: 0 | AC18: =AA18*AB18 -> 0 | AD18: 0 | AE18: 0 | AF18: =AD18*AE18 -> 0 | AG18: 0 | AH18: 0 | AI18: =AG18*AH18 -> 0 | AK18: 0 | AL18: 0 | AM18: 0 | AN18: 0 | AO18: 0 | AP18: =AN18*AO18 -> 0 | AQ18: 0 | AR18: 0 | AS18: =AQ18*AR18 -> 0 | AT18: 0 | AU18: 0 | AV18: =AT18*AU18 -> 0 | AW18: 0 | AX18: 0 | AY18: 0 | AZ18: =AC18+AF18+AP18+AS18+AV18 -> 0 | BA18: Retno H | BB18: 1BHOc3INyjU0vxX_RfnmpW-o7tlHHXXye | BC18: https://drive.google.com/file/d/1BHOc3INyjU0vxX_RfnmpW-o7tlHHXXye/view?usp=drivesdk | BD18: =HYPERLINK("https://drive.google.com/file/d/1BHOc3INyjU0vxX_RfnmpW-o7tlHHXXye/view?usp=drivesdk","Rekap HPLC Lia Umi Khasanah_718") -> Rekap HPLC Lia Umi Khasanah_718 | BE18: Document successfully created; Document successfully merged; PDF created; Manually run by labterpadu.unit.uns@gmail.com; Timestamp: Oct 30 2025 3:53 AM
A19: 45967 | B19: 45973 | C19: 745 | D19: Yuniar Diah Pramesti | E19: A28226892 | F19: S1 Farmasi / Fakultas Farmasi / Universitas Setia Budi | G19: Tidak Akses | H19: HPLC | I19: Widyan | J19: 2 | K19: 0 | L19: 0 | M19: 0 | N19: 100000 | O19: =J19*N19 -> 200000 | P19: 5 | Q19: 60 | R19: 17 | S19: =2*R19 -> 34 | T19: =J19*R19 -> 34 | U19: =J19*R19 -> 34 | V19: =5*J19 -> 10 | W19: 60 | X19: 5 | Y19: =SUM(P19:X19) -> 259 | AA19: 0 | AB19: 0 | AC19: 0 | AD19: 0 | AE19: 0 | AF19: 0 | AG19: 0 | AH19: 0 | AI19: 0 | AJ19: 0 | AK19: 0 | AL19: 0 | AM19: 0 | AN19: 0 | AO19: 0 | AP19: 0 | AQ19: 0 | AR19: 0 | AS19: 0 | AT19: 0 | AU19: 0 | AV19: 0 | AW19: 0 | AX19: 0 | AY19: 0 | AZ19: 0 | BA19: Retno H | BB19: 1CFDtNGIFcXYJVPu0Zn_J_oSq-uBNsmlX | BC19: https://drive.google.com/file/d/1CFDtNGIFcXYJVPu0Zn_J_oSq-uBNsmlX/view?usp=drivesdk | BD19: =HYPERLINK("https://drive.google.com/file/d/1CFDtNGIFcXYJVPu0Zn_J_oSq-uBNsmlX/view?usp=drivesdk","Rekap HPLC Yuniar Diah Pramesti_745") -> Rekap HPLC Yuniar Diah Pramesti_745 | BE19: Document successfully created; Document successfully merged; PDF created; Manually run by labterpadu.unit.uns@gmail.com; Timestamp: Nov 13 2025 12:26 AM
O20: =sum(O13:O19)+N12 -> 5940000

Sheet GC-FID
A1: Tanggal Map Keluar | B1: Hari, Tanggal pembuatan rekap | C1: Agenda | D1: Nama | E1: NIM/NIP | F1: Fakultas/Univ | G1: Akses Lab | H1: Instrument | I1: Operator | J1: Jumlah Sampel | K1: Harga per sampel | L1: Harga total | M1: Harga per tambahan | N1: Waktu retensi | O1: Persiapan instrument | P1: Preparasi sampel | Q1: Blank | R1: Pengukuran sampel | S1: Pengolahan data | T1: Mematikan instrument | U1: Total waktu pengerjaan | V1: Pembuat Rekap | W1: Merged Doc ID - Rekap GC-FID | X1: Merged Doc URL - Rekap GC-FID | Y1: Link to merged Doc - Rekap GC-FID | Z1: Document Merge Status - Rekap GC-FID
A2: 45518 | B2: 45527 | C2: 712 | D2: Hana Prasita Larasati | E2: K3321032 | F2: Pendidikan kimia/FKIP/UNS | G2: Akses | H2: GC-FID | I2: Dendy | J2: 5 | K2: 150000 | L2: - | M2: - | N2: 12 + 3 | O2: 60 | P2: 0 | Q2: 20 | R2: 75 | S2: =10*J2 -> 50 | T2: 5 | U2: =SUM(O2:T2) -> 210 | V2: Retno H | W2: 1m2rySq1-9nQMyri71YopIWXKWNVfPgIO | X2: https://drive.google.com/file/d/1m2rySq1-9nQMyri71YopIWXKWNVfPgIO/view?usp=drivesdk | Y2: =HYPERLINK("https://drive.google.com/file/d/1m2rySq1-9nQMyri71YopIWXKWNVfPgIO/view?usp=drivesdk","GC-FID_Hana Prasita Larasati _712") -> GC-FID_Hana Prasita Larasati _712 | Z2: Document successfully created; Document successfully merged; PDF created; Manually run by labterpadu.unit.uns@gmail.com; Timestamp: Aug 22 2024 10:35 PM
A3: 45527 | B3: 45531 | C3: 729 | D3: Anggi Khoerul Jannah | E3: K3320007 | F3: Pendidikan kimia/FKIP/UNS | G3: Akses | H3: GC-FID | I3: Dendy | J3: 4 | K3: 150000 | L3: - | M3: - | N3: 7 + 3 | O3: 60 | P3: 40 | Q3: 20 | R3: 40 | S3: 40 | T3: 30 | U3: =SUM(O3:T3) -> 230 | V3: Retno H | W3: 1YqMxMmY8-cbTE8Fn9zxLQR6RnlyrxFJA | X3: https://drive.google.com/file/d/1YqMxMmY8-cbTE8Fn9zxLQR6RnlyrxFJA/view?usp=drivesdk | Y3: =HYPERLINK("https://drive.google.com/file/d/1YqMxMmY8-cbTE8Fn9zxLQR6RnlyrxFJA/view?usp=drivesdk","GC-FID_Anggi Khoerul Jannah_729") -> GC-FID_Anggi Khoerul Jannah_729 | Z3: Document successfully created; Document successfully merged; PDF created; Manually run by labterpadu.unit.uns@gmail.com; Timestamp: Aug 27 2024 2:57 AM
A4: 45568 | B4: 45569 | C4: 811 | D4: Hana Prasita Larasati | E4: K3321032 | F4: Pendidikan Kimia/FKIP/UNS | G4: Akses | H4: GC-FID | I4: Dendy | J4: 6 | K4: 150000 | L4: - | M4: - | N4: 12 + 3 | O4: 60 | P4: 0 | Q4: 30 | R4: 90 | S4: 60 | T4: 30 | U4: =SUM(O4:T4) -> 270 | V4: Retno H | W4: 1WpPt6RN2cMxtZH-R4NrLhJuN_PTlirNR | X4: https://drive.google.com/file/d/1WpPt6RN2cMxtZH-R4NrLhJuN_PTlirNR/view?usp=drivesdk | Y4: =HYPERLINK("https://drive.google.com/file/d/1WpPt6RN2cMxtZH-R4NrLhJuN_PTlirNR/view?usp=drivesdk","GC-FID_Hana Prasita Larasati_811") -> GC-FID_Hana Prasita Larasati_811 | Z4: Document successfully created; Document successfully merged; PDF created; Manually run by labterpadu.unit.uns@gmail.com; Timestamp: Oct 4 2024 2:02 AM
A5: 45631 | B5: 45632 | C5: 917 | D5: Nur Rohmah Al Fiyani | E5: M0321054 | F5: S1KIMIA/ FMIPA/ UNS | G5: Akses | H5: GC-FID | I5: Dendy | J5: 6 | K5: 150000 | L5: - | M5: - | N5: 13 + 3 | O5: 60 | P5: 0 | Q5: 30 | R5: 96 | S5: 60 | T5: 30 | U5: =SUM(O5:T5) -> 276 | V5: Retno H | W5: 1o4bm9z-rKYopG8uwlNhCrVNI1_1bC7Xp | X5: https://drive.google.com/file/d/1o4bm9z-rKYopG8uwlNhCrVNI1_1bC7Xp/view?usp=drivesdk | Y5: =HYPERLINK("https://drive.google.com/file/d/1o4bm9z-rKYopG8uwlNhCrVNI1_1bC7Xp/view?usp=drivesdk","GC-FID_Nur Rohmah Al Fiyani_917") -> GC-FID_Nur Rohmah Al Fiyani_917 | Z5: Document successfully created; Document successfully merged; PDF created; Manually run by labterpadu.unit.uns@gmail.com; Timestamp: Dec 5 2024 2:15 AM
A6: 45631 | B6: 45632 | C6: 918 | D6: Vito Bintang Saputra | E6: M0321076 | F6: Kimia | G6: Akses | H6: GC-FID | I6: Dendy | J6: 6 | K6: 150000 | L6: - | M6: - | N6: 15 + 3 | O6: 60 | P6: 0 | Q6: 30 | R6: 108 | S6: 60 | T6: 30 | U6: =SUM(O6:T6) -> 288 | V6: Retno H | W6: 1bmhhulBCJFkhkPhwHVwmfaE0AfZLCXvP | X6: https://drive.google.com/file/d/1bmhhulBCJFkhkPhwHVwmfaE0AfZLCXvP/view?usp=drivesdk | Y6: =HYPERLINK("https://drive.google.com/file/d/1bmhhulBCJFkhkPhwHVwmfaE0AfZLCXvP/view?usp=drivesdk","GC-FID_Vito Bintang Saputra _918") -> GC-FID_Vito Bintang Saputra _918 | Z6: Document successfully created; Document successfully merged; PDF created; Manually run by labterpadu.unit.uns@gmail.com; Timestamp: Dec 5 2024 6:12 AM
A7: 45649 | B7: 45650 | C7: 949 | D7: Dwi Safitri | E7: K3321022 | F7: Pendidikan Kimia/FKIP/UNS | G7: Akses | H7: GC-FID | I7: Dendy | J7: 8 | K7: 150000 | L7: 2 | M7: 100000 | N7: 12+3 | O7: 60 | P7: 0 | Q7: 20 | R7: 90 | S7: 80 | T7: 30 | U7: =SUM(O7:T7) -> 280 | V7: Retno H | W7: 1-wy2FjC5sv_HV3Mx_JOcCEw3Z6Sn63vx | X7: https://drive.google.com/file/d/1-wy2FjC5sv_HV3Mx_JOcCEw3Z6Sn63vx/view?usp=drivesdk | Y7: =HYPERLINK("https://drive.google.com/file/d/1-wy2FjC5sv_HV3Mx_JOcCEw3Z6Sn63vx/view?usp=drivesdk","GC-FID_Dwi Safitri_949") -> GC-FID_Dwi Safitri_949 | Z7: Document successfully created; Document successfully merged; PDF created; Manually run by labterpadu.unit.uns@gmail.com; Timestamp: Dec 23 2024 10:35 PM
A8: 45650 | B8: 45650 | C8: 954 | D8: Hana Prasita Larasati | E8: K3321032 | F8: Pendidikan Kimia/FKIP/UNS | G8: Akses | H8: GC-FID | I8: Dendy | J8: 6 | K8: 150000 | L8: - | M8: - | N8: 12 + 3 | O8: 60 | P8: 0 | Q8: 20 | R8: 90 | S8: 60 | T8: 30 | U8: =SUM(O8:T8) -> 260 | V8: Retno H | W8: 1KcfE49nuZS9w3GVk89RoDrUPGwxeLqdq | X8: https://drive.google.com/file/d/1KcfE49nuZS9w3GVk89RoDrUPGwxeLqdq/view?usp=drivesdk | Y8: =HYPERLINK("https://drive.google.com/file/d/1KcfE49nuZS9w3GVk89RoDrUPGwxeLqdq/view?usp=drivesdk","GC-FID_Hana Prasita Larasati_954") -> GC-FID_Hana Prasita Larasati_954 | Z8: Document successfully created; Document successfully merged; PDF created; Manually run by labterpadu.unit.uns@gmail.com; Timestamp: Dec 26 2024 9:20 PM
A9: 45665 | B9: 45665 | C9: 4 | D9: Nur Rohmah Al Fiyani | E9: M0321054 | F9: S1KIMIA/ FMIPA/ UNS | G9: Akses | H9: GC-FID | I9: Dendy | J9: 6 | K9: 80000 | L9: =J9*K9 -> 480000 | M9: - | N9: 9 + 3 | O9: 60 | P9: 0 | Q9: 20 | R9: 72 | S9: 60 | T9: 30 | U9: =SUM(O9:T9) -> 242 | V9: Retno H | W9: 1EwuDpmx-RcFyCO-hPtErisl_7tSTXexq | X9: https://drive.google.com/file/d/1EwuDpmx-RcFyCO-hPtErisl_7tSTXexq/view?usp=drivesdk | Y9: =HYPERLINK("https://drive.google.com/file/d/1EwuDpmx-RcFyCO-hPtErisl_7tSTXexq/view?usp=drivesdk","GC-FID_Nur Rohmah Al Fiyani_4") -> GC-FID_Nur Rohmah Al Fiyani_4 | Z9: Document successfully created; Document successfully merged; PDF created; Manually run by labterpadu.unit.uns@gmail.com; Timestamp: Jan 9 2025 1:31 AM
A10: 45666 | B10: 45666 | C10: 7 | D10: Nur Rohmah Al Fiyani | E10: M0321054 | F10: S1KIMIA/ FMIPA/ UNS | G10: Akses | H10: GC-FID | I10: Dendy | J10: 6 | K10: 80000 | L10: =J10*K10 -> 480000 | M10: - | N10: 9 + 3 | O10: 60 | P10: 0 | Q10: 20 | R10: 72 | S10: 60 | T10: 30 | U10: =SUM(O10:T10) -> 242 | V10: Retno H | W10: 1y1xN1A4Wpwfu3ihlOJ-ZxLO4LGOSeHsS | X10: https://drive.google.com/file/d/1y1xN1A4Wpwfu3ihlOJ-ZxLO4LGOSeHsS/view?usp=drivesdk | Y10: =HYPERLINK("https://drive.google.com/file/d/1y1xN1A4Wpwfu3ihlOJ-ZxLO4LGOSeHsS/view?usp=drivesdk","GC-FID_Nur Rohmah Al Fiyani_7") -> GC-FID_Nur Rohmah Al Fiyani_7 | Z10: Document successfully created; Document successfully merged; PDF created; Manually run by labterpadu.unit.uns@gmail.com; Timestamp: Jan 9 2025 1:32 AM
A11: 45681 | B11: 45687 | C11: 47 | D11: Hana Prasita Larasati | E11: K3321032 | F11: Pendidikan kimia/FKIP/UNS | G11: Akses | H11: GC-FID | I11: Dendy | J11: 6 | K11: 60000 | L11: =J11*K11 -> 360000 | N11: 12 + 3 | O11: 60 | P11: 0 | Q11: 20 | R11: 90 | S11: 60 | T11: 30 | U11: =SUM(O11:T11) -> 260 | V11: Retno H | W11: 1ecI7HHxHcQ1X0ZLsyLOrXvoyzOFU6-QI | X11: https://drive.google.com/file/d/1ecI7HHxHcQ1X0ZLsyLOrXvoyzOFU6-QI/view?usp=drivesdk | Y11: =HYPERLINK("https://drive.google.com/file/d/1ecI7HHxHcQ1X0ZLsyLOrXvoyzOFU6-QI/view?usp=drivesdk","GC-FID_Hana Prasita Larasati _47") -> GC-FID_Hana Prasita Larasati _47 | Z11: Document successfully created; Document successfully merged; PDF created; Manually run by labterpadu.unit.uns@gmail.com; Timestamp: Feb 3 2025 1:39 AM
A12: 45693 | B12: 45693 | C12: 78 | D12: Nur Rohmah Al Fiyani | E12: M0321054 | F12: S1KIMIA/ FMIPA/ UNS | G12: Akses | H12: GC-FID | I12: Dendy | J12: 3 | K12: 60000 | L12: =J12*K12 -> 180000 | N12: 9 + 3 | O12: 60 | P12: 0 | Q12: 20 | R12: 36 | S12: 30 | T12: 30 | U12: =SUM(O12:T12) -> 176 | V12: Retno H | W12: 1mVGgW7NoVPFGIHVywgCs_D3uR0D5mpMY | X12: https://drive.google.com/file/d/1mVGgW7NoVPFGIHVywgCs_D3uR0D5mpMY/view?usp=drivesdk | Y12: =HYPERLINK("https://drive.google.com/file/d/1mVGgW7NoVPFGIHVywgCs_D3uR0D5mpMY/view?usp=drivesdk","GC-FID_Nur Rohmah Al Fiyani_78") -> GC-FID_Nur Rohmah Al Fiyani_78 | Z12: Document successfully created; Document successfully merged; PDF created; Manually run by labterpadu.unit.uns@gmail.com; Timestamp: Feb 5 2025 2:15 AM
A13: 45702 | B13: 45705 | C13: 101 | D13: Hana Prasita Larasati | E13: K3321032 | F13: Pendidikan Kimia/FKIP/UNS | G13: Akses | H13: GC-FID | I13: Dendy | J13: 6 | K13: 60000 | L13: =J13*K13 -> 360000 | N13: 12 + 3 | O13: 60 | P13: 0 | Q13: 20 | R13: 90 | S13: 60 | T13: 30 | U13: =SUM(O13:T13) -> 260 | V13: Retno H | W13: 1rL42hNhq2reDmqdkh-dUvDjUQuqRF6Zx | X13: https://drive.google.com/file/d/1rL42hNhq2reDmqdkh-dUvDjUQuqRF6Zx/view?usp=drivesdk | Y13: =HYPERLINK("https://drive.google.com/file/d/1rL42hNhq2reDmqdkh-dUvDjUQuqRF6Zx/view?usp=drivesdk","GC-FID_Hana Prasita Larasati_101") -> GC-FID_Hana Prasita Larasati_101 | Z13: Document successfully created; Document successfully merged; PDF created; Manually run by labterpadu.unit.uns@gmail.com; Timestamp: Feb 16 2025 7:54 PM
A14: 45702 | B14: 45705 | C14: 102 | D14: Nur Rohmah Al Fiyani | E14: M0321054 | F14: S1KIMIA/ FMIPA/ UNS | G14: Akses | H14: GC-FID | I14: Dendy | J14: 6 | K14: 60000 | L14: =J14*K14 -> 360000 | N14: 9 + 3 | O14: 60 | P14: 0 | Q14: 20 | R14: 72 | S14: 60 | T14: 30 | U14: =SUM(O14:T14) -> 242 | V14: Retno H | W14: 1jnWQsFZ4TSZ-CCUKxpfXMsIS3bH50Uep | X14: https://drive.google.com/file/d/1jnWQsFZ4TSZ-CCUKxpfXMsIS3bH50Uep/view?usp=drivesdk | Y14: =HYPERLINK("https://drive.google.com/file/d/1jnWQsFZ4TSZ-CCUKxpfXMsIS3bH50Uep/view?usp=drivesdk","GC-FID_Nur Rohmah Al Fiyani_102") -> GC-FID_Nur Rohmah Al Fiyani_102 | Z14: Document successfully created; Document successfully merged; PDF created; Manually run by labterpadu.unit.uns@gmail.com; Timestamp: Feb 16 2025 7:54 PM
A15: 45714 | B15: 45714 | C15: 136 | D15: Nur Rohmah Al Fiyani | E15: M0321054 | F15: Kimia/FMIPA/UNS | G15: Akses | H15: GC-FID | I15: Dendy | J15: 3 | K15: 60000 | L15: =J15*K15 -> 180000 | N15: 9 + 3 | O15: 60 | P15: 0 | Q15: 20 | R15: 36 | S15: 30 | T15: 30 | U15: =SUM(O15:T15) -> 176 | V15: Retno H | W15: 1fdd-4gHp-o4om5SAmEGHXIz1PTosO7vu | X15: https://drive.google.com/file/d/1fdd-4gHp-o4om5SAmEGHXIz1PTosO7vu/view?usp=drivesdk | Y15: =HYPERLINK("https://drive.google.com/file/d/1fdd-4gHp-o4om5SAmEGHXIz1PTosO7vu/view?usp=drivesdk","GC-FID_Nur Rohmah Al Fiyani_136") -> GC-FID_Nur Rohmah Al Fiyani_136 | Z15: Document successfully created; Document successfully merged; PDF created; Manually run by labterpadu.unit.uns@gmail.com; Timestamp: Feb 26 2025 11:34 PM
A16: 45714 | B16: 45715 | C16: 129 | D16: Hana Prasita Larasati | E16: K3321032 | F16: Pendidikan kimia/FKIP/UNS | G16: Akses | H16: GC-FID | I16: Dendy | J16: 6 | K16: 60000 | L16: =J16*K16 -> 360000 | N16: 12 + 3 | O16: 60 | P16: 0 | Q16: 20 | R16: 90 | S16: 60 | T16: 30 | U16: =SUM(O16:T16) -> 260 | V16: Retno H | W16: 1CkTRrWDCWh34SvWCmnr_K1_9k_9o2mMN | X16: https://drive.google.com/file/d/1CkTRrWDCWh34SvWCmnr_K1_9k_9o2mMN/view?usp=drivesdk | Y16: =HYPERLINK("https://drive.google.com/file/d/1CkTRrWDCWh34SvWCmnr_K1_9k_9o2mMN/view?usp=drivesdk","GC-FID_Hana Prasita Larasati_129") -> GC-FID_Hana Prasita Larasati_129 | Z16: Document successfully created; Document successfully merged; PDF created; Manually run by labterpadu.unit.uns@gmail.com; Timestamp: Feb 26 2025 11:50 PM
A17: 45712 | B17: 45716 | C17: 125 | D17: Dwi Safitri | E17: K3321022 | F17: Pendidikan Kimia/ FKIP/ UNS | G17: Akses | H17: GC-FID | I17: Dendy | J17: 10 | K17: 60000 | L17: =J17*K17 -> 600000 | N17: 12 + 3 | O17: 60 | P17: 0 | Q17: 20 | R17: 90 | S17: 60 | T17: 30 | U17: =SUM(O17:T17) -> 260 | V17: Retno H | W17: 1HnoNYxrQIte-ywj4uU__TFHAUAZLzr2m | X17: https://drive.google.com/file/d/1HnoNYxrQIte-ywj4uU__TFHAUAZLzr2m/view?usp=drivesdk | Y17: =HYPERLINK("https://drive.google.com/file/d/1HnoNYxrQIte-ywj4uU__TFHAUAZLzr2m/view?usp=drivesdk","GC-FID_Dwi Safitri_125") -> GC-FID_Dwi Safitri_125 | Z17: Document successfully created; Document successfully merged; PDF created; Manually run by labterpadu.unit.uns@gmail.com; Timestamp: Feb 28 2025 12:55 AM
A18: 45716 | B18: 45719 | C18: 140 | D18: Hana Prasita Larasati | E18: K3321032 | F18: Pendidikan Kimia/FKIP/UNS | G18: Akses | H18: GC-FID | I18: Dendy | J18: 4 | K18: 60000 | L18: =J18*K18 -> 240000 | N18: 12 + 3 | O18: 60 | P18: 0 | Q18: 20 | R18: 60 | S18: 40 | T18: 30 | U18: =SUM(O18:T18) -> 210 | V18: Retno H | W18: 1wmDtI2G2sR6a1xKx9msJlSD7cI3G8Agu | X18: https://drive.google.com/file/d/1wmDtI2G2sR6a1xKx9msJlSD7cI3G8Agu/view?usp=drivesdk | Y18: =HYPERLINK("https://drive.google.com/file/d/1wmDtI2G2sR6a1xKx9msJlSD7cI3G8Agu/view?usp=drivesdk","GC-FID_Hana Prasita Larasati_140") -> GC-FID_Hana Prasita Larasati_140 | Z18: Document successfully created; Document successfully merged; PDF created; Manually run by labterpadu.unit.uns@gmail.com; Timestamp: Feb 28 2025 3:50 AM
A19: 45721 | B19: 45722 | C19: 149 | D19: Vito Bintang Saputra | E19: M0321076 | F19: Kimia/FMIPA/UNS | G19: Akses | H19: GC-FID | I19: Dendy | J19: 10 | K19: 60000 | L19: =J19*K19 -> 600000 | N19: 15 + 3 | O19: 60 | P19: 0 | Q19: 30 | R19: 180 | S19: 100 | T19: 30 | U19: =SUM(O19:T19) -> 400 | V19: Retno H | W19: 1Yc4KURsHgUz3JITFHVXpUBFl5PW6uhv_ | X19: https://drive.google.com/file/d/1Yc4KURsHgUz3JITFHVXpUBFl5PW6uhv_/view?usp=drivesdk | Y19: =HYPERLINK("https://drive.google.com/file/d/1Yc4KURsHgUz3JITFHVXpUBFl5PW6uhv_/view?usp=drivesdk","GC-FID_Vito Bintang Saputra _149") -> GC-FID_Vito Bintang Saputra _149 | Z19: Document successfully created; Document successfully merged; PDF created; Manually run by labterpadu.unit.uns@gmail.com; Timestamp: Mar 6 2025 4:12 AM
A20: 45722 | B20: 45723 | C20: 151 | D20: Hana Prasita Larasati | E20: K332132 | F20: Pendidikan kimia/FKIP/UNS | G20: Akses | H20: GC-FID | I20: Dendy | J20: 9 | K20: 60000 | L20: =J20*K20 -> 540000 | N20: 12 + 3 | O20: 60 | P20: 0 | Q20: 20 | R20: 135 | S20: 90 | T20: 30 | U20: =SUM(O20:T20) -> 335 | V20: Retno H | W20: 1-AROhlRHjzIii4IjzmzRbWg10XJlpLp0 | X20: https://drive.google.com/file/d/1-AROhlRHjzIii4IjzmzRbWg10XJlpLp0/view?usp=drivesdk | Y20: =HYPERLINK("https://drive.google.com/file/d/1-AROhlRHjzIii4IjzmzRbWg10XJlpLp0/view?usp=drivesdk","GC-FID_Hana Prasita Larasati _151") -> GC-FID_Hana Prasita Larasati _151 | Z20: Document successfully created; Document successfully merged; PDF created; Manually run by labterpadu.unit.uns@gmail.com; Timestamp: Mar 6 2025 4:12 AM
A21: 45729 | B21: 45729 | C21: 161 | D21: Hana Prasita Larasati | E21: K332132 | F21: Pendidikan kimia/FKIP/UNS | G21: Akses | H21: GC-FID | I21: Dendy | J21: 3 | K21: 60000 | L21: =J21*K21 -> 180000 | N21: 12 + 3 | O21: 60 | P21: 0 | Q21: 20 | R21: 45 | S21: 30 | T21: 30 | U21: =SUM(O21:T21) -> 185 | V21: Retno H | W21: 1nM8kOtA8O5M2x4vVPRefXRrll9VQcgzo | X21: https://drive.google.com/file/d/1nM8kOtA8O5M2x4vVPRefXRrll9VQcgzo/view?usp=drivesdk | Y21: =HYPERLINK("https://drive.google.com/file/d/1nM8kOtA8O5M2x4vVPRefXRrll9VQcgzo/view?usp=drivesdk","GC-FID_Hana Prasita Larasati _161") -> GC-FID_Hana Prasita Larasati _161 | Z21: Document successfully created; Document successfully merged; PDF created; Manually run by labterpadu.unit.uns@gmail.com; Timestamp: Mar 13 2025 5:53 AM
A22: 45729 | B22: 45730 | C22: 163 | D22: Vito Bintang Saputra | E22: M0321076 | F22: Kimia/FMIPA/UNS | G22: Akses | H22: GC-FID | I22: Dendy | J22: 3 | K22: 60000 | L22: =J22*K22 -> 180000 | N22: 15 + 3 | O22: 60 | P22: 0 | Q22: 20 | R22: =18*J22 -> 54 | S22: 30 | T22: 30 | U22: =SUM(O22:T22) -> 194 | V22: Retno H | W22: 16bdqrhiSukCo0L1eCqQomZUwXzp1EVS- | X22: https://drive.google.com/file/d/16bdqrhiSukCo0L1eCqQomZUwXzp1EVS-/view?usp=drivesdk | Y22: =HYPERLINK("https://drive.google.com/file/d/16bdqrhiSukCo0L1eCqQomZUwXzp1EVS-/view?usp=drivesdk","GC-FID_Vito Bintang Saputra _163") -> GC-FID_Vito Bintang Saputra _163 | Z22: Document successfully created; Document successfully merged; PDF created; Manually run by labterpadu.unit.uns@gmail.com; Timestamp: Mar 13 2025 5:53 AM
A23: 45729 | B23: 45730 | C23: 162 | D23: Nur Rohmah Al Fiyani | E23: M0321054 | F23: Kimia/FMIPA/UNS | G23: Akses | H23: GC-FID | I23: Dendy | J23: 4 | K23: 60000 | L23: =J23*K23 -> 240000 | N23: 13 + 3 | O23: 60 | P23: 0 | Q23: 20 | R23: =16*J23 -> 64 | S23: 30 | T23: 30 | U23: =SUM(O23:T23) -> 204 | V23: Retno H | W23: 1O9gSc17UhUjajlUxdqfT-S-tcMXc7TRS | X23: https://drive.google.com/file/d/1O9gSc17UhUjajlUxdqfT-S-tcMXc7TRS/view?usp=drivesdk | Y23: =HYPERLINK("https://drive.google.com/file/d/1O9gSc17UhUjajlUxdqfT-S-tcMXc7TRS/view?usp=drivesdk","GC-FID_Nur Rohmah Al Fiyani_162") -> GC-FID_Nur Rohmah Al Fiyani_162 | Z23: Document successfully created; Document successfully merged; PDF created; Manually run by labterpadu.unit.uns@gmail.com; Timestamp: Mar 13 2025 5:53 AM
A24: 45736 | B24: 45737 | C24: 175 | D24: Vito Bintang Saputra | E24: M0321076 | F24: Kimia/FMIPA/UNS | G24: Akses | H24: GC-FID | I24: Dendy | J24: 5 | K24: 60000 | L24: =J24*K24 -> 300000 | N24: 15 + 3 | O24: 60 | P24: 0 | Q24: 20 | R24: =18*J24 -> 90 | S24: 30 | T24: 30 | U24: =SUM(O24:T24) -> 230 | V24: Retno H | W24: 12YCv5tqMntVhewBJG8tzbQqD8gjSLK13 | X24: https://drive.google.com/file/d/12YCv5tqMntVhewBJG8tzbQqD8gjSLK13/view?usp=drivesdk | Y24: =HYPERLINK("https://drive.google.com/file/d/12YCv5tqMntVhewBJG8tzbQqD8gjSLK13/view?usp=drivesdk","GC-FID_Vito Bintang Saputra _175") -> GC-FID_Vito Bintang Saputra _175 | Z24: Document successfully created; Document successfully merged; PDF created; Manually run by labterpadu.unit.uns@gmail.com; Timestamp: Mar 23 2025 10:34 PM
A25: 45737 | B25: 45740 | C25: 178 | D25: Vito Bintang Saputra | E25: M0321076 | F25: Kimia/FMIPA/UNS | G25: Akses | H25: GC-FID | I25: Dendy | J25: 2 | K25: 60000 | L25: =J25*K25 -> 120000 | N25: 15 + 3 | O25: 60 | P25: 0 | Q25: 20 | R25: =18*J25 -> 36 | S25: 30 | T25: 30 | U25: =SUM(O25:T25) -> 176 | V25: Retno H | W25: 1DXu8l-S9kje15PxyBIDBoJqsysgtRhne | X25: https://drive.google.com/file/d/1DXu8l-S9kje15PxyBIDBoJqsysgtRhne/view?usp=drivesdk | Y25: =HYPERLINK("https://drive.google.com/file/d/1DXu8l-S9kje15PxyBIDBoJqsysgtRhne/view?usp=drivesdk","GC-FID_Vito Bintang Saputra _178") -> GC-FID_Vito Bintang Saputra _178 | Z25: Document successfully created; Document successfully merged; PDF created; Manually run by labterpadu.unit.uns@gmail.com; Timestamp: Mar 24 2025 4:58 AM
A26: 45737 | B26: 45740 | C26: 179 | D26: Nur Rohmah Al Fiyani | E26: M0321054 | F26: Kimia/FMIPA/UNS | G26: Akses | H26: GC-FID | I26: Dendy | J26: 3 | K26: 60000 | L26: =J26*K26 -> 180000 | N26: 13 + 3 | O26: 60 | P26: 0 | Q26: 20 | R26: =16*J26 -> 48 | S26: 30 | T26: 30 | U26: =SUM(O26:T26) -> 188 | V26: Retno H | W26: 1ISSAO3eiuvwDkDnvWi_iSAxkd0i5ugS_ | X26: https://drive.google.com/file/d/1ISSAO3eiuvwDkDnvWi_iSAxkd0i5ugS_/view?usp=drivesdk | Y26: =HYPERLINK("https://drive.google.com/file/d/1ISSAO3eiuvwDkDnvWi_iSAxkd0i5ugS_/view?usp=drivesdk","GC-FID_Nur Rohmah Al Fiyani_179") -> GC-FID_Nur Rohmah Al Fiyani_179 | Z26: Document successfully created; Document successfully merged; PDF created; Manually run by labterpadu.unit.uns@gmail.com; Timestamp: Mar 24 2025 4:58 AM
A27: 45740 | B27: 45741 | C27: 183 | D27: Hana Prasita Larasati | E27: K332132 | F27: Pendidikan kimia/FKIP/UNS | G27: Akses | H27: GC-FID | I27: Dendy | J27: 12 | K27: 60000 | L27: =J27*K27 -> 720000 | N27: 12 + 3 | O27: 60 | P27: 0 | Q27: 20 | R27: =16*J27 -> 192 | S27: 30 | T27: 30 | U27: =SUM(O27:T27) -> 332 | V27: Retno H | W27: 1LpSBvogH5BQMrU6OZ1VCMgyR-IAT1zIf | X27: https://drive.google.com/file/d/1LpSBvogH5BQMrU6OZ1VCMgyR-IAT1zIf/view?usp=drivesdk | Y27: =HYPERLINK("https://drive.google.com/file/d/1LpSBvogH5BQMrU6OZ1VCMgyR-IAT1zIf/view?usp=drivesdk","GC-FID_Hana Prasita Larasati _183") -> GC-FID_Hana Prasita Larasati _183 | Z27: Document successfully created; Document successfully merged; PDF created; Manually run by labterpadu.unit.uns@gmail.com; Timestamp: Mar 25 2025 12:46 AM
A28: 45757 | B28: 45761 | C28: 191 | D28: Hana Prasita Larasati | E28: K332132 | F28: Pendidikan kimia/FKIP/UNS | G28: Akses | H28: GC-FID | I28: Dendy | J28: 6 | K28: 60000 | L28: =J28*K28 -> 360000 | N28: 12 + 3 | O28: 60 | P28: 0 | Q28: 20 | R28: =16*J28 -> 96 | S28: 30 | T28: 30 | U28: =SUM(O28:T28) -> 236 | V28: Retno H | W28: 162a4YTcuB9tMi8y8WoT3V_DQS3x17XLl | X28: https://drive.google.com/file/d/162a4YTcuB9tMi8y8WoT3V_DQS3x17XLl/view?usp=drivesdk | Y28: =HYPERLINK("https://drive.google.com/file/d/162a4YTcuB9tMi8y8WoT3V_DQS3x17XLl/view?usp=drivesdk","GC-FID_Hana Prasita Larasati _191") -> GC-FID_Hana Prasita Larasati _191 | Z28: Document successfully created; Document successfully merged; PDF created; Manually run by labterpadu.unit.uns@gmail.com; Timestamp: Apr 13 2025 9:42 PM
A29: 45761 | B29: 45763 | C29: 195 | D29: Dwi Safitri | E29: K3321022 | F29: Pendidikan kimia/FKIP/UNS | G29: Akses | H29: GC-FID | I29: Dendy | J29: 4 | K29: 60000 | L29: =J29*K29 -> 240000 | N29: 12 + 3 | O29: 60 | P29: 0 | Q29: 20 | R29: =16*J29 -> 64 | S29: 30 | T29: 30 | U29: =SUM(O29:T29) -> 204 | V29: Retno H | W29: 1oyB8dgZbnYjZhFNUQe7j5CnXpps5eGuE | X29: https://drive.google.com/file/d/1oyB8dgZbnYjZhFNUQe7j5CnXpps5eGuE/view?usp=drivesdk | Y29: =HYPERLINK("https://drive.google.com/file/d/1oyB8dgZbnYjZhFNUQe7j5CnXpps5eGuE/view?usp=drivesdk","GC-FID_Dwi Safitri _195") -> GC-FID_Dwi Safitri _195 | Z29: Document successfully created; Document successfully merged; PDF created; Manually run by labterpadu.unit.uns@gmail.com; Timestamp: Apr 15 2025 1:34 AM
A30: 45763 | B30: 45764 | C30: 206 | D30: Hana Prasita Larasati | E30: K3321032 | F30: Pendidikan Kimia/FKIP/UNS | G30: Akses | H30: GC-FID | I30: Dendy | J30: 6 | K30: 60000 | L30: =J30*K30 -> 360000 | N30: 12 + 3 | O30: 60 | P30: 0 | Q30: 20 | R30: =16*J30 -> 96 | S30: 30 | T30: 30 | U30: =SUM(O30:T30) -> 236 | V30: Retno H | W30: 11SrLctOIz7xNPhIfU4TGMHTbZ4Grxo6V | X30: https://drive.google.com/file/d/11SrLctOIz7xNPhIfU4TGMHTbZ4Grxo6V/view?usp=drivesdk | Y30: =HYPERLINK("https://drive.google.com/file/d/11SrLctOIz7xNPhIfU4TGMHTbZ4Grxo6V/view?usp=drivesdk","GC-FID_Hana Prasita Larasati _206") -> GC-FID_Hana Prasita Larasati _206 | Z30: Document successfully created; Document successfully merged; PDF created; Manually run by labterpadu.unit.uns@gmail.com; Timestamp: Apr 16 2025 3:07 AM
A31: 45764 | B31: 45768 | C31: 209 | D31: Dwi Safitri | E31: K3321022 | F31: Pendidikan kimia/FKIP/UNS | G31: Akses | H31: GC-FID | I31: Dendy | J31: 2 | K31: 60000 | L31: =J31*K31 -> 120000 | N31: 12 + 3 | O31: 60 | P31: 0 | Q31: 20 | R31: =16*J31 -> 32 | S31: 30 | T31: 30 | U31: =SUM(O31:T31) -> 172 | V31: Retno H | W31: 1nccbRcVp72U2qv6bAtaFBmaxHoo7NULU | X31: https://drive.google.com/file/d/1nccbRcVp72U2qv6bAtaFBmaxHoo7NULU/view?usp=drivesdk | Y31: =HYPERLINK("https://drive.google.com/file/d/1nccbRcVp72U2qv6bAtaFBmaxHoo7NULU/view?usp=drivesdk","GC-FID_Dwi Safitri _209") -> GC-FID_Dwi Safitri _209 | Z31: Document successfully created; Document successfully merged; PDF created; Manually run by labterpadu.unit.uns@gmail.com; Timestamp: Apr 20 2025 10:18 PM
A32: 45768 | B32: 45769 | C32: 214 | D32: Hana Prasita Larasati | E32: K3321032 | F32: Pendidikan Kimia/FKIP/UNS | G32: Akses | H32: GC-FID | I32: Dendy | J32: 6 | K32: 60000 | L32: =J32*K32 -> 360000 | N32: 12 + 3 | O32: 60 | P32: 0 | Q32: 20 | R32: =16*J32 -> 96 | S32: 30 | T32: 30 | U32: =SUM(O32:T32) -> 236 | V32: Retno H | W32: 19QGFn9iJGeY3Jvl-yN3xav2v1aRfLVoQ | X32: https://drive.google.com/file/d/19QGFn9iJGeY3Jvl-yN3xav2v1aRfLVoQ/view?usp=drivesdk | Y32: =HYPERLINK("https://drive.google.com/file/d/19QGFn9iJGeY3Jvl-yN3xav2v1aRfLVoQ/view?usp=drivesdk","GC-FID_Hana Prasita Larasati _214") -> GC-FID_Hana Prasita Larasati _214 | Z32: Document successfully created; Document successfully merged; PDF created; Manually run by labterpadu.unit.uns@gmail.com; Timestamp: Apr 21 2025 2:40 AM
A33: 45763 | B33: 45770 | C33: 204 | D33: Vito Bintang Saputra | E33: M0321076 | F33: Kimia/FMIPA/UNS | G33: Akses | H33: GC-FID | I33: Dendy | J33: 12 | K33: 60000 | L33: =J33*K33 -> 720000 | N33: 15 + 3 | O33: 60 | P33: 0 | Q33: 20 | R33: =16*J33 -> 192 | S33: 30 | T33: 30 | U33: =SUM(O33:T33) -> 332 | V33: Retno H | W33: 1Q54XXDpdRcZ_erprehXqefkmD7lWjS81 | X33: https://drive.google.com/file/d/1Q54XXDpdRcZ_erprehXqefkmD7lWjS81/view?usp=drivesdk | Y33: =HYPERLINK("https://drive.google.com/file/d/1Q54XXDpdRcZ_erprehXqefkmD7lWjS81/view?usp=drivesdk","GC-FID_Vito Bintang Saputra _204") -> GC-FID_Vito Bintang Saputra _204 | Z33: Document successfully created; Document successfully merged; PDF created; Manually run by labterpadu.unit.uns@gmail.com; Timestamp: Apr 21 2025 2:40 AM
A34: 45784 | B34: 45784 | C34: 247 | D34: Hana Prasita Larasati | E34: K3321032 | F34: Pendidikan Kimia/FKIP/UNS | G34: Akses | H34: GC-FID | I34: Dendy | J34: 2 | K34: 60000 | L34: =J34*K34 -> 120000 | N34: 15 + 3 | O34: 60 | P34: 0 | Q34: 20 | R34: =16*J34 -> 32 | S34: 30 | T34: 30 | U34: =SUM(O34:T34) -> 172 | V34: Retno H | W34: 1zy4j-AOmzsysgw7n-t9VkPeoPhag5YMn | X34: https://drive.google.com/file/d/1zy4j-AOmzsysgw7n-t9VkPeoPhag5YMn/view?usp=drivesdk | Y34: =HYPERLINK("https://drive.google.com/file/d/1zy4j-AOmzsysgw7n-t9VkPeoPhag5YMn/view?usp=drivesdk","GC-FID_Hana Prasita Larasati _247") -> GC-FID_Hana Prasita Larasati _247 | Z34: Document successfully created; Document successfully merged; PDF created; Manually run by labterpadu.unit.uns@gmail.com; Timestamp: May 7 2025 1:57 AM
A35: 45782 | B35: 45784 | C35: 246 | D35: Nur Rohmah Al Fiyani | E35: M0321054 | F35: Kimia/FMIPA/UNS | G35: Akses | H35: GC-FID | I35: Roshid | J35: 6 | K35: 60000 | L35: =J35*K35 -> 360000 | N35: 13+3 | O35: 60 | P35: 0 | Q35: 20 | R35: =16*J35 -> 96 | S35: 30 | T35: 30 | U35: =SUM(O35:T35) -> 236 | V35: Retno H | W35: 1901SScCOoa56VqTRZf6ZgXVAETqX4sdk | X35: https://drive.google.com/file/d/1901SScCOoa56VqTRZf6ZgXVAETqX4sdk/view?usp=drivesdk | Y35: =HYPERLINK("https://drive.google.com/file/d/1901SScCOoa56VqTRZf6ZgXVAETqX4sdk/view?usp=drivesdk","GC-FID_Nur Rohmah Al Fiyani_246") -> GC-FID_Nur Rohmah Al Fiyani_246 | Z35: Document successfully created; Document successfully merged; PDF created; Manually run by labterpadu.unit.uns@gmail.com; Timestamp: May 7 2025 1:57 AM
A36: 45784 | B36: 45784 | C36: 248 | D36: Hana Prasita Larasati | E36: K3321032 | F36: Pendidikan Kimia/FKIP/UNS | G36: Akses | H36: GC-FID | I36: Dendy | J36: 4 | K36: 60000 | L36: =J36*K36 -> 240000 | N36: 15 + 3 | O36: 60 | P36: 0 | Q36: 20 | R36: =16*J36 -> 64 | S36: 30 | T36: 30 | U36: =SUM(O36:T36) -> 204 | V36: Retno H | W36: 1nExAMJlksoWWfezkQBvdmqRXwa8wO-uf | X36: https://drive.google.com/file/d/1nExAMJlksoWWfezkQBvdmqRXwa8wO-uf/view?usp=drivesdk | Y36: =HYPERLINK("https://drive.google.com/file/d/1nExAMJlksoWWfezkQBvdmqRXwa8wO-uf/view?usp=drivesdk","GC-FID_Hana Prasita Larasati _248") -> GC-FID_Hana Prasita Larasati _248 | Z36: Document successfully created; Document successfully merged; PDF created; Manually run by labterpadu.unit.uns@gmail.com; Timestamp: May 7 2025 2:05 AM
A37: 45783 | B37: 45784 | C37: 252 | D37: Dwi Safitri | E37: K3321022 | F37: Pendidikan Kimia/FKIP/UNS | G37: Akses | H37: GC-FID | I37: Roshid | J37: 8 | K37: 60000 | L37: =J37*K37 -> 480000 | N37: 12 + 3 | O37: 60 | P37: 0 | Q37: 20 | R37: =16*J37 -> 128 | S37: 30 | T37: 30 | U37: =SUM(O37:T37) -> 268 | V37: Retno H | W37: 15_6zJAL6_pqYP9ajJ8R0HcKkB1iclAVs | X37: https://drive.google.com/file/d/15_6zJAL6_pqYP9ajJ8R0HcKkB1iclAVs/view?usp=drivesdk | Y37: =HYPERLINK("https://drive.google.com/file/d/15_6zJAL6_pqYP9ajJ8R0HcKkB1iclAVs/view?usp=drivesdk","GC-FID_Dwi Safitri _252") -> GC-FID_Dwi Safitri _252 | Z37: Document successfully created; Document successfully merged; PDF created; Manually run by labterpadu.unit.uns@gmail.com; Timestamp: May 7 2025 3:52 AM
A38: 45796 | B38: 45798 | C38: 288 | D38: Nur Rohmah Al Fiyani | E38: M0321054 | F38: Kimia/FMIPA/UNS | G38: Akses | H38: GC-FID | I38: Roshid | J38: 9 | K38: 60000 | L38: =J38*K38 -> 540000 | N38: 15+3 | O38: 60 | P38: 0 | Q38: 20 | R38: =16*J38 -> 144 | S38: 30 | T38: 30 | U38: =SUM(O38:T38) -> 284 | V38: Retno H | W38: 1taXOMzptrgWJ6cCH-ydFLkiqfjm5tBAi | X38: https://drive.google.com/file/d/1taXOMzptrgWJ6cCH-ydFLkiqfjm5tBAi/view?usp=drivesdk | Y38: =HYPERLINK("https://drive.google.com/file/d/1taXOMzptrgWJ6cCH-ydFLkiqfjm5tBAi/view?usp=drivesdk","GC-FID_Nur Rohmah Al Fiyani_288") -> GC-FID_Nur Rohmah Al Fiyani_288 | Z38: Document successfully created; Document successfully merged; PDF created; Manually run by labterpadu.unit.uns@gmail.com; Timestamp: May 22 2025 1:03 AM
A39: 45798 | B39: 45798 | C39: 304 | D39: Tiza Wikansari | E39: K3322099 | F39: Pendidikan Kimia/FKIP/UNS | G39: Akses | H39: GC-FID | I39: Roshid | J39: 2 | K39: 60000 | L39: =J39*K39 -> 120000 | N39: 40 + 3 | O39: 60 | P39: 0 | Q39: 20 | R39: =16*J39 -> 32 | S39: 30 | T39: 30 | U39: =SUM(O39:T39) -> 172 | V39: Retno H | W39: 1R_17JrE1swVvE4jUfcS0cspXgjLVHtuT | X39: https://drive.google.com/file/d/1R_17JrE1swVvE4jUfcS0cspXgjLVHtuT/view?usp=drivesdk | Y39: =HYPERLINK("https://drive.google.com/file/d/1R_17JrE1swVvE4jUfcS0cspXgjLVHtuT/view?usp=drivesdk","GC-FID_Tiza Wikansari_304") -> GC-FID_Tiza Wikansari_304 | Z39: Document successfully created; Document successfully merged; PDF created; Manually run by labterpadu.unit.uns@gmail.com; Timestamp: May 22 2025 1:03 AM
A40: 45798 | B40: 45798 | C40: 305 | D40: Hana Prasita Larasati | E40: K3321032 | F40: Pendidikan Kimia/FKIP/UNS | G40: Akses | H40: GC-FID | I40: Roshid | J40: 1 | K40: 60000 | L40: =J40*K40 -> 60000 | N40: 12 + 3 | O40: 60 | P40: 0 | Q40: 20 | R40: =16*J40 -> 16 | S40: 30 | T40: 30 | U40: =SUM(O40:T40) -> 156 | V40: Retno H | W40: 1mFgR82e63q21Vj0ZuhdYwpfZgrA8tmcX | X40: https://drive.google.com/file/d/1mFgR82e63q21Vj0ZuhdYwpfZgrA8tmcX/view?usp=drivesdk | Y40: =HYPERLINK("https://drive.google.com/file/d/1mFgR82e63q21Vj0ZuhdYwpfZgrA8tmcX/view?usp=drivesdk","GC-FID_Hana Prasita Larasati _305") -> GC-FID_Hana Prasita Larasati _305 | Z40: Document successfully created; Document successfully merged; PDF created; Manually run by labterpadu.unit.uns@gmail.com; Timestamp: May 22 2025 1:03 AM
A41: 45803 | B41: 45805 | C41: 320 | D41: Dwi Safitri | E41: K3321022 | F41: Pendidikan Kimia/FKIP/UNS | G41: Akses | H41: GC-FID | I41: Roshid | J41: 6 | K41: 60000 | L41: =J41*K41 -> 360000 | N41: 13 + 3 | O41: 60 | P41: 0 | Q41: 20 | R41: =16*J41 -> 96 | S41: 30 | T41: 30 | U41: =SUM(O41:T41) -> 236 | V41: Retno H | W41: 1s45YVYm2KGq_fWJ5EGsdnKgehWRlZJ1k | X41: https://drive.google.com/file/d/1s45YVYm2KGq_fWJ5EGsdnKgehWRlZJ1k/view?usp=drivesdk | Y41: =HYPERLINK("https://drive.google.com/file/d/1s45YVYm2KGq_fWJ5EGsdnKgehWRlZJ1k/view?usp=drivesdk","GC-FID_Dwi Safitri_320") -> GC-FID_Dwi Safitri_320 | Z41: Document successfully created; Document successfully merged; PDF created; Manually run by labterpadu.unit.uns@gmail.com; Timestamp: Jun 1 2025 11:45 PM
A42: 45805 | B42: 45805 | C42: 336 | D42: Nur Rohmah Al Fiyani | E42: M0321054 | F42: Kimia/FMIPA/UNS | G42: Akses | H42: GC-FID | I42: Roshid | J42: 5 | K42: 60000 | L42: =J42*K42 -> 300000 | N42: 13+3 | O42: 60 | P42: 0 | Q42: 20 | R42: =16*J42 -> 80 | S42: 30 | T42: 30 | U42: =SUM(O42:T42) -> 220 | V42: Retno H | W42: 19G5Ff4MzghVUOF-nrDNIHz-wfk_gKZGR | X42: https://drive.google.com/file/d/19G5Ff4MzghVUOF-nrDNIHz-wfk_gKZGR/view?usp=drivesdk | Y42: =HYPERLINK("https://drive.google.com/file/d/19G5Ff4MzghVUOF-nrDNIHz-wfk_gKZGR/view?usp=drivesdk","GC-FID_Nur Rohmah Al Fiyani_336") -> GC-FID_Nur Rohmah Al Fiyani_336 | Z42: Document successfully created; Document successfully merged; PDF created; Manually run by labterpadu.unit.uns@gmail.com; Timestamp: Jun 1 2025 11:49 PM
A43: 45805 | B43: 45810 | C43: 338 | D43: Tri Wahyu Novita | E43: K3322100 | F43: Pendidikan Kimia/FKIP/UNS | G43: Akses | H43: GC-FID | I43: Roshid | J43: 4 | K43: 60000 | L43: =J43*K43 -> 240000 | N43: 12+3 | O43: 60 | P43: 0 | Q43: 20 | R43: =16*J43 -> 64 | S43: 30 | T43: 30 | U43: =SUM(O43:T43) -> 204 | V43: Retno H | W43: 11VWVeOMNrRIzqKD0VaxPJfbYL9LQSfFC | X43: https://drive.google.com/file/d/11VWVeOMNrRIzqKD0VaxPJfbYL9LQSfFC/view?usp=drivesdk | Y43: =HYPERLINK("https://drive.google.com/file/d/11VWVeOMNrRIzqKD0VaxPJfbYL9LQSfFC/view?usp=drivesdk","GC-FID_Tri Wahyu Novita_338") -> GC-FID_Tri Wahyu Novita_338 | Z43: Document successfully created; Document successfully merged; PDF created; Manually run by labterpadu.unit.uns@gmail.com; Timestamp: Jun 2 2025 5:24 AM
A44: 45805 | B44: 45810 | C44: 343 | D44: Tiza Wikansari | E44: K3322099 | F44: Pendidikan Kimia/FKIP/UNS | G44: Tidak Akses | H44: GC-FID | I44: Roshid | J44: 3 | K44: 60000 | L44: =J44*K44 -> 180000 | N44: 28+3 | O44: 60 | P44: 0 | Q44: 20 | R44: =16*J44 -> 48 | S44: 30 | T44: 30 | U44: =SUM(O44:T44) -> 188 | V44: Retno H | W44: 1kH95HXwHX4LM5XoP1-5SMBgVnvETL-jr | X44: https://drive.google.com/file/d/1kH95HXwHX4LM5XoP1-5SMBgVnvETL-jr/view?usp=drivesdk | Y44: =HYPERLINK("https://drive.google.com/file/d/1kH95HXwHX4LM5XoP1-5SMBgVnvETL-jr/view?usp=drivesdk","GC-FID_Tiza Wikansari_343") -> GC-FID_Tiza Wikansari_343 | Z44: Document successfully created; Document successfully merged; PDF created; Manually run by labterpadu.unit.uns@gmail.com; Timestamp: Jun 2 2025 5:25 AM
A45: 45810 | B45: 45810 | C45: 354 | D45: Nur Rohmah Al Fiyani | E45: M0321054 | F45: Kimia/FMIPA/UNS | G45: Akses | H45: GC-FID | I45: Roshid | J45: 2 | K45: 60000 | L45: =J45*K45 -> 120000 | N45: 14+3 | O45: 60 | P45: 0 | Q45: 20 | R45: =16*J45 -> 32 | S45: 30 | T45: 30 | U45: =SUM(O45:T45) -> 172 | V45: Retno H | W45: 1PxBkyUmVax3TeR50D57UexHc35M6O7tp | X45: https://drive.google.com/file/d/1PxBkyUmVax3TeR50D57UexHc35M6O7tp/view?usp=drivesdk | Y45: =HYPERLINK("https://drive.google.com/file/d/1PxBkyUmVax3TeR50D57UexHc35M6O7tp/view?usp=drivesdk","GC-FID_Nur Rohmah Al Fiyani_354") -> GC-FID_Nur Rohmah Al Fiyani_354 | Z45: Document successfully created; Document successfully merged; PDF created; Manually run by labterpadu.unit.uns@gmail.com; Timestamp: Jun 2 2025 5:25 AM
A46: 45819 | B46: 45819 | C46: 380 | D46: Vito bintang saputra | E46: M0321076 | F46: Kimia/MIPA/UNS | G46: Akses | H46: GC-FID | I46: Roshid | J46: 15 | K46: 60000 | L46: =J46*K46 -> 900000 | N46: 14+3 | O46: 60 | P46: 0 | Q46: 20 | R46: =16*J46 -> 240 | S46: 30 | T46: 30 | U46: =SUM(O46:T46) -> 380 | V46: Retno H | W46: 1EZHqFwVbuhaHdhj7QaKOz8Ro5rC_XgaF | X46: https://drive.google.com/file/d/1EZHqFwVbuhaHdhj7QaKOz8Ro5rC_XgaF/view?usp=drivesdk | Y46: =HYPERLINK("https://drive.google.com/file/d/1EZHqFwVbuhaHdhj7QaKOz8Ro5rC_XgaF/view?usp=drivesdk","GC-FID_Vito bintang saputra _380") -> GC-FID_Vito bintang saputra _380 | Z46: Document successfully created; Document successfully merged; PDF created; Manually run by labterpadu.unit.uns@gmail.com; Timestamp: Jun 11 2025 5:45 AM
A47: 45819 | B47: 45819 | C47: 382 | D47: Tri Wahyu Novita | E47: K3322100 | F47: Pendidikan Kimia/ FKIP/UNS | G47: Akses | H47: GC-FID | I47: Roshid | J47: 5 | K47: 60000 | L47: =J47*K47 -> 300000 | N47: 12+3 | O47: 60 | P47: 0 | Q47: 20 | R47: =16*J47 -> 80 | S47: 30 | T47: 30 | U47: =SUM(O47:T47) -> 220 | V47: Retno H | W47: 1lYn76jsbqAG7l5wmnRpuJa5BJknc74Sr | X47: https://drive.google.com/file/d/1lYn76jsbqAG7l5wmnRpuJa5BJknc74Sr/view?usp=drivesdk | Y47: =HYPERLINK("https://drive.google.com/file/d/1lYn76jsbqAG7l5wmnRpuJa5BJknc74Sr/view?usp=drivesdk","GC-FID_Tri Wahyu Novita _382") -> GC-FID_Tri Wahyu Novita _382 | Z47: Document successfully created; Document successfully merged; PDF created; Manually run by labterpadu.unit.uns@gmail.com; Timestamp: Jun 11 2025 5:45 AM
A48: 45820 | B48: 45821 | C48: 386 | D48: Dwi Safitri | E48: K3321022 | F48: Pendidikan Kimia/ FKIP/UNS | G48: Akses | H48: GC-FID | I48: Roshid | J48: 4 | K48: 60000 | L48: =J48*K48 -> 240000 | N48: 12+3 | O48: 60 | P48: 0 | Q48: 20 | R48: =16*J48 -> 64 | S48: 30 | T48: 30 | U48: =SUM(O48:T48) -> 204 | V48: Retno H | W48: 1mUEpB_WHg-_DhcsXQavTRYFhmGecAqcY | X48: https://drive.google.com/file/d/1mUEpB_WHg-_DhcsXQavTRYFhmGecAqcY/view?usp=drivesdk | Y48: =HYPERLINK("https://drive.google.com/file/d/1mUEpB_WHg-_DhcsXQavTRYFhmGecAqcY/view?usp=drivesdk","GC-FID_Dwi Safitri_386") -> GC-FID_Dwi Safitri_386 | Z48: Document successfully created; Document successfully merged; PDF created; Manually run by labterpadu.unit.uns@gmail.com; Timestamp: Jun 15 2025 10:48 PM
A49: 45821 | B49: 45821 | C49: 393 | D49: Nur Rohmah Al Fiyani | E49: M0321054 | F49: Kimia/FMIPA/UNS | G49: Akses | H49: GC-FID | I49: Roshid | J49: 12 | K49: 60000 | L49: =J49*K49 -> 720000 | N49: 15+3 | O49: 60 | P49: 0 | Q49: 20 | R49: =16*J49 -> 192 | S49: 30 | T49: 30 | U49: =SUM(O49:T49) -> 332 | V49: Retno H | W49: 1sl-SO6MZJg9RgRY8nbmr_h8U-x6gQek3 | X49: https://drive.google.com/file/d/1sl-SO6MZJg9RgRY8nbmr_h8U-x6gQek3/view?usp=drivesdk | Y49: =HYPERLINK("https://drive.google.com/file/d/1sl-SO6MZJg9RgRY8nbmr_h8U-x6gQek3/view?usp=drivesdk","GC-FID_Nur Rohmah Al Fiyani_393") -> GC-FID_Nur Rohmah Al Fiyani_393 | Z49: Document successfully created; Document successfully merged; PDF created; Manually run by labterpadu.unit.uns@gmail.com; Timestamp: Jun 15 2025 10:48 PM
A50: 45821 | B50: 45821 | C50: 396 | D50: Hana Prasita Larasati | E50: K3321032 | F50: Pendidikan Kimia/FKIP/UNS | G50: Akses | H50: GC-FID | I50: Roshid | J50: 6 | K50: 60000 | L50: =J50*K50 -> 360000 | N50: 12+3 | O50: 60 | P50: 0 | Q50: 20 | R50: =16*J50 -> 96 | S50: 30 | T50: 30 | U50: =SUM(O50:T50) -> 236 | V50: Retno H | W50: 1nDMpqjcU_fQRiHw5lSzpQX4lhOzJ-QLx | X50: https://drive.google.com/file/d/1nDMpqjcU_fQRiHw5lSzpQX4lhOzJ-QLx/view?usp=drivesdk | Y50: =HYPERLINK("https://drive.google.com/file/d/1nDMpqjcU_fQRiHw5lSzpQX4lhOzJ-QLx/view?usp=drivesdk","GC-FID_Hana Prasita Larasati _396") -> GC-FID_Hana Prasita Larasati _396 | Z50: Document successfully created; Document successfully merged; PDF created; Manually run by labterpadu.unit.uns@gmail.com; Timestamp: Jun 15 2025 10:48 PM
A51: 45824 | B51: 45824 | C51: 400 | D51: Vito Bintang Saputra | E51: M0321076 | F51: Kimia/FMIPA/UNS | G51: Akses | H51: GC-FID | I51: Roshid | J51: 7 | K51: 60000 | L51: =J51*K51 -> 420000 | N51: 15+3 | O51: 60 | P51: 0 | Q51: 20 | R51: =16*J51 -> 112 | S51: 30 | T51: 30 | U51: =SUM(O51:T51) -> 252 | V51: Retno H | W51: 1XSRZ0WREM_bEHhi2SLTL4oQiqp9XHsO8 | X51: https://drive.google.com/file/d/1XSRZ0WREM_bEHhi2SLTL4oQiqp9XHsO8/view?usp=drivesdk | Y51: =HYPERLINK("https://drive.google.com/file/d/1XSRZ0WREM_bEHhi2SLTL4oQiqp9XHsO8/view?usp=drivesdk","GC-FID_Vito Bintang Saputra _400") -> GC-FID_Vito Bintang Saputra _400 | Z51: Document successfully created; Document successfully merged; PDF created; Manually run by labterpadu.unit.uns@gmail.com; Timestamp: Jun 16 2025 12:38 AM
A52: 45833 | B52: 45839 | C52: 441 | D52: Hana Prasita Larasati | E52: K3321032 | F52: Pendidikan Kimia/FKIP/UNS | G52: Akses | H52: GC-FID | I52: Roshid | J52: 2 | K52: 60000 | L52: =J52*K52 -> 120000 | N52: 12+3 | O52: 60 | P52: 0 | Q52: 20 | R52: =15*J52 -> 30 | S52: 30 | T52: 30 | U52: =SUM(O52:T52) -> 170 | V52: Retno H | W52: 1AtEbek0sSJFtYqJpTVlEhw4EC7_KYtq9 | X52: https://drive.google.com/file/d/1AtEbek0sSJFtYqJpTVlEhw4EC7_KYtq9/view?usp=drivesdk | Y52: =HYPERLINK("https://drive.google.com/file/d/1AtEbek0sSJFtYqJpTVlEhw4EC7_KYtq9/view?usp=drivesdk","GC-FID_Hana Prasita Larasati _441") -> GC-FID_Hana Prasita Larasati _441 | Z52: Document successfully created; Document successfully merged; PDF created; Manually run by labterpadu.unit.uns@gmail.com; Timestamp: Jul 2 2025 11:24 PM
A53: 45833 | B53: 45840 | C53: 443 | D53: Tiza Wikansari | E53: K3322099 | F53: Pendidikan Kimia/FKIP/UNS | G53: Tidak Akses | H53: GC-FID | I53: Roshid | J53: 5 | K53: 60000 | L53: =J53*K53 -> 300000 | N53: 28+3 | O53: 60 | P53: 0 | Q53: 20 | R53: =31*J53 -> 155 | S53: 30 | T53: 30 | U53: =SUM(O53:T53) -> 295 | V53: Retno H | W53: 1fcaon6SAjnOEDwejVwioXnEwbNhFZotV | X53: https://drive.google.com/file/d/1fcaon6SAjnOEDwejVwioXnEwbNhFZotV/view?usp=drivesdk | Y53: =HYPERLINK("https://drive.google.com/file/d/1fcaon6SAjnOEDwejVwioXnEwbNhFZotV/view?usp=drivesdk","GC-FID_Tiza Wikansari_443") -> GC-FID_Tiza Wikansari_443 | Z53: Document successfully created; Document successfully merged; PDF created; Manually run by labterpadu.unit.uns@gmail.com; Timestamp: Jul 2 2025 11:25 PM
A54: 45833 | B54: 45840 | C54: 444 | D54: Tiza Wikansari | E54: K3322099 | F54: Pendidikan Kimia/FKIP/UNS | G54: Tidak Akses | H54: GC-FID | I54: Roshid | J54: 5 | K54: 60000 | L54: =J54*K54 -> 300000 | N54: 28+3 | O54: 60 | P54: 0 | Q54: 20 | R54: =31*J54 -> 155 | S54: 30 | T54: 30 | U54: =SUM(O54:T54) -> 295 | V54: Retno H | W54: 1b6a-_3VZ_AQ26zWg1FaSuzpe9HKy9eU6 | X54: https://drive.google.com/file/d/1b6a-_3VZ_AQ26zWg1FaSuzpe9HKy9eU6/view?usp=drivesdk | Y54: =HYPERLINK("https://drive.google.com/file/d/1b6a-_3VZ_AQ26zWg1FaSuzpe9HKy9eU6/view?usp=drivesdk","GC-FID_Tiza Wikansari_444") -> GC-FID_Tiza Wikansari_444 | Z54: Document successfully created; Document successfully merged; PDF created; Manually run by labterpadu.unit.uns@gmail.com; Timestamp: Jul 2 2025 11:25 PM
A55: 45839 | B55: 45839 | C55: 452 | D55: Hana Prasita Larasati | E55: K3321032 | F55: Pendidikan Kimia/FKIP/UNS | G55: Akses | H55: GC-FID | I55: Roshid | J55: 7 | K55: 60000 | L55: =J55*K55 -> 420000 | N55: 12+3 | O55: 60 | P55: 0 | Q55: 20 | R55: =15*J55 -> 105 | S55: 30 | T55: 30 | U55: =SUM(O55:T55) -> 245 | V55: Retno H | W55: 1FSukRsEg8HYsa2_JoTgIc9ZpFN4JnKhh | X55: https://drive.google.com/file/d/1FSukRsEg8HYsa2_JoTgIc9ZpFN4JnKhh/view?usp=drivesdk | Y55: =HYPERLINK("https://drive.google.com/file/d/1FSukRsEg8HYsa2_JoTgIc9ZpFN4JnKhh/view?usp=drivesdk","GC-FID_Hana Prasita Larasati _452") -> GC-FID_Hana Prasita Larasati _452 | Z55: Document successfully created; Document successfully merged; PDF created; Manually run by labterpadu.unit.uns@gmail.com; Timestamp: Jul 2 2025 11:25 PM
A56: 45853 | B56: 45853 | C56: 481 | D56: Tiza Wikansari | E56: K3322099 | F56: Pendidikan Kimia/FKIP/UNS | G56: Tidak Akses | H56: GC-FID | I56: Roshid | J56: 3 | K56: 60000 | L56: =J56*K56 -> 180000 | N56: 28+3 | O56: 60 | P56: 0 | Q56: 20 | R56: =28*J56 -> 84 | S56: 30 | T56: 30 | U56: =SUM(O56:T56) -> 224 | V56: Retno H | W56: 15KCI_0ezleLzR88vu-d26TR-YaVr8MLW | X56: https://drive.google.com/file/d/15KCI_0ezleLzR88vu-d26TR-YaVr8MLW/view?usp=drivesdk | Y56: =HYPERLINK("https://drive.google.com/file/d/15KCI_0ezleLzR88vu-d26TR-YaVr8MLW/view?usp=drivesdk","GC-FID_Tiza Wikansari_481") -> GC-FID_Tiza Wikansari_481 | Z56: Document successfully created; Document successfully merged; PDF created; Manually run by labterpadu.unit.uns@gmail.com; Timestamp: Jul 22 2025 10:10 PM
A57: 45853 | B57: 45854 | C57: 482 | D57: Tri Wahyu Novita | E57: K3322100 | F57: Pendidikan Kimia/FKIP/UNS | G57: Akses | H57: GC-FID | I57: Roshid | J57: 6 | K57: 60000 | L57: =J57*K57 -> 360000 | N57: 12+3 | O57: 60 | P57: 0 | Q57: 20 | R57: =12*J57 -> 72 | S57: 30 | T57: 30 | U57: =SUM(O57:T57) -> 212 | V57: Retno H | W57: 1F2NNuP6xTb2YOLn1OseJdCAkR-ZITFUy | X57: https://drive.google.com/file/d/1F2NNuP6xTb2YOLn1OseJdCAkR-ZITFUy/view?usp=drivesdk | Y57: =HYPERLINK("https://drive.google.com/file/d/1F2NNuP6xTb2YOLn1OseJdCAkR-ZITFUy/view?usp=drivesdk","GC-FID_Tri Wahyu Novita_482") -> GC-FID_Tri Wahyu Novita_482 | Z57: Document successfully created; Document successfully merged; PDF created; Manually run by labterpadu.unit.uns@gmail.com; Timestamp: Jul 22 2025 10:10 PM
A58: 45861 | B58: 45861 | C58: 493 | D58: Tiza Wikansari | E58: K3322099 | F58: Pendidikan Kimia/FKIP/UNS | G58: Tidak Akses | H58: GC-FID | I58: Roshid | J58: 6 | K58: 60000 | L58: =J58*K58 -> 360000 | N58: 28+3 | O58: 60 | P58: 0 | Q58: 20 | R58: =28*J58 -> 168 | S58: 30 | T58: 30 | U58: =SUM(O58:T58) -> 308 | V58: Retno H | W58: 1gJ7vC-Q7cEmv3NY2U1Kzem8qddZ6O3Ev | X58: https://drive.google.com/file/d/1gJ7vC-Q7cEmv3NY2U1Kzem8qddZ6O3Ev/view?usp=drivesdk | Y58: =HYPERLINK("https://drive.google.com/file/d/1gJ7vC-Q7cEmv3NY2U1Kzem8qddZ6O3Ev/view?usp=drivesdk","GC-FID_Tiza Wikansari_493") -> GC-FID_Tiza Wikansari_493 | Z58: Document successfully created; Document successfully merged; PDF created; Manually run by labterpadu.unit.uns@gmail.com; Timestamp: Jul 23 2025 11:04 PM
A59: 45863 | B59: 45866 | C59: 502 | D59: Tiza Wikansari | E59: K3322099 | F59: Pendidikan Kimia/FKIP/UNS | G59: Tidak Akses | H59: GC-FID | I59: Roshid | J59: 3 | K59: 60000 | L59: =J59*K59 -> 180000 | N59: 28+4 | O59: 60 | P59: 0 | Q59: 20 | R59: =28*J59 -> 84 | S59: 30 | T59: 30 | U59: =SUM(O59:T59) -> 224 | V59: Retno H | W59: 1OSMepCywNnnE_OaJd0FCtJB62LMG1yvt | X59: https://drive.google.com/file/d/1OSMepCywNnnE_OaJd0FCtJB62LMG1yvt/view?usp=drivesdk | Y59: =HYPERLINK("https://drive.google.com/file/d/1OSMepCywNnnE_OaJd0FCtJB62LMG1yvt/view?usp=drivesdk","GC-FID_Tiza Wikansari_502") -> GC-FID_Tiza Wikansari_502 | Z59: Document successfully created; Document successfully merged; PDF created; Manually run by labterpadu.unit.uns@gmail.com; Timestamp: Jul 28 2025 4:42 AM
A60: 45866 | B60: 45866 | C60: 505 | D60: Tiza Wikansari | E60: K3322099 | F60: Pendidikan Kimia/FKIP/UNS | G60: Tidak Akses | H60: GC-FID | I60: Roshid | J60: 1 | K60: 60000 | L60: =J60*K60 -> 60000 | N60: 28+5 | O60: 60 | P60: 0 | Q60: 20 | R60: =28*J60 -> 28 | S60: 30 | T60: 30 | U60: =SUM(O60:T60) -> 168 | V60: Retno H | W60: 1GSqtObn_P35XZRmjONjAh-YrUzzgvt_z | X60: https://drive.google.com/file/d/1GSqtObn_P35XZRmjONjAh-YrUzzgvt_z/view?usp=drivesdk | Y60: =HYPERLINK("https://drive.google.com/file/d/1GSqtObn_P35XZRmjONjAh-YrUzzgvt_z/view?usp=drivesdk","GC-FID_Tiza Wikansari_505") -> GC-FID_Tiza Wikansari_505 | Z60: Document successfully created; Document successfully merged; PDF created; Manually run by labterpadu.unit.uns@gmail.com; Timestamp: Jul 28 2025 4:42 AM
A61: 45874 | B61: 45880 | C61: 518 | D61: Tri Wahyu Novita | E61: K3322100 | F61: Pendidikan Kimia/ FKIP/UNS | G61: Akses | H61: GC-FID | I61: Roshid | J61: 5 | K61: 60000 | L61: =J61*K61 -> 300000 | N61: 12+3 | O61: 60 | P61: 0 | Q61: 20 | R61: =28*J61 -> 140 | S61: 30 | T61: 30 | U61: =SUM(O61:T61) -> 280 | V61: Retno H | W61: 1RJ0vKf7N63ZVYnZyax8-Y_yOEFkSV25T | X61: https://drive.google.com/file/d/1RJ0vKf7N63ZVYnZyax8-Y_yOEFkSV25T/view?usp=drivesdk | Y61: =HYPERLINK("https://drive.google.com/file/d/1RJ0vKf7N63ZVYnZyax8-Y_yOEFkSV25T/view?usp=drivesdk","GC-FID_Tri Wahyu Novita_518") -> GC-FID_Tri Wahyu Novita_518 | Z61: Document successfully created; Document successfully merged; PDF created; Manually run by labterpadu.unit.uns@gmail.com; Timestamp: Aug 12 2025 1:38 AM
A62: 45880 | B62: 45880 | C62: 532 | D62: Tiza Wikansari | E62: K3322099 | F62: Pendidikan Kimia/FKIP/UNS | G62: Tidak Akses | H62: GC-FID | I62: Roshid | J62: 2 | K62: 60000 | L62: =J62*K62 -> 120000 | N62: 28+5 | O62: 60 | P62: 0 | Q62: 20 | R62: =28*J62 -> 56 | S62: 30 | T62: 30 | U62: =SUM(O62:T62) -> 196 | V62: Retno H | W62: 1Og7GYOsvdqR21jZlPorrenjgom1-JlAn | X62: https://drive.google.com/file/d/1Og7GYOsvdqR21jZlPorrenjgom1-JlAn/view?usp=drivesdk | Y62: =HYPERLINK("https://drive.google.com/file/d/1Og7GYOsvdqR21jZlPorrenjgom1-JlAn/view?usp=drivesdk","GC-FID_Tiza Wikansari_532") -> GC-FID_Tiza Wikansari_532 | Z62: Document successfully created; Document successfully merged; PDF created; Manually run by labterpadu.unit.uns@gmail.com; Timestamp: Aug 12 2025 1:38 AM
A63: 45894 | B63: 45897 | C63: 553 | D63: Tiza Wikansari | E63: K3322099 | F63: Pendidikan kimia/ Fkip/ UNS | G63: Tidak Akses | H63: GC-FID | I63: Roshid | J63: 4 | K63: 60000 | L63: =J63*K63 -> 240000 | N63: 12+5 | O63: 60 | P63: 0 | Q63: 20 | R63: =17*J63 -> 68 | S63: 30 | T63: 30 | U63: =SUM(O63:T63) -> 208 | V63: Retno H | W63: 1qzCFgU_8vHE7vE3BLNlc1fU1XLhMaYLD | X63: https://drive.google.com/file/d/1qzCFgU_8vHE7vE3BLNlc1fU1XLhMaYLD/view?usp=drivesdk | Y63: =HYPERLINK("https://drive.google.com/file/d/1qzCFgU_8vHE7vE3BLNlc1fU1XLhMaYLD/view?usp=drivesdk","GC-FID_Tiza Wikansari _553") -> GC-FID_Tiza Wikansari _553 | Z63: Document successfully created; Document successfully merged; PDF created; Manually run by labterpadu.unit.uns@gmail.com; Timestamp: Aug 28 2025 3:43 AM
A64: 45896 | B64: 45897 | C64: 564 | D64: Tiza Wikansari | E64: K3322099 | F64: Pendidikan Kimia/FKIP/UNS | G64: Tidak Akses | H64: GC-FID | I64: Roshid | J64: 3 | K64: 60000 | L64: =J64*K64 -> 180000 | N64: 12+5 | O64: 60 | P64: 0 | Q64: 20 | R64: =17*J64 -> 51 | S64: 30 | T64: 30 | U64: =SUM(O64:T64) -> 191 | V64: Retno H | W64: 1XbGK2UH-WTeA9oxpX7gudiIlrUYk9wOU | X64: https://drive.google.com/file/d/1XbGK2UH-WTeA9oxpX7gudiIlrUYk9wOU/view?usp=drivesdk | Y64: =HYPERLINK("https://drive.google.com/file/d/1XbGK2UH-WTeA9oxpX7gudiIlrUYk9wOU/view?usp=drivesdk","GC-FID_Tiza Wikansari _564") -> GC-FID_Tiza Wikansari _564 | Z64: Document successfully created; Document successfully merged; PDF created; Manually run by labterpadu.unit.uns@gmail.com; Timestamp: Aug 28 2025 3:43 AM
A65: 45910 | B65: 45911 | C65: 586 | D65: Tiza Wikansari | E65: K3322100 | F65: Pendidikan Kimia/FKIP/UNS | G65: Tidak Akses | H65: GC-FID | I65: Roshid | J65: 3 | K65: 60000 | L65: =J65*K65 -> 180000 | N65: 12+5 | O65: 60 | P65: 0 | Q65: 20 | R65: =17*J65 -> 51 | S65: 30 | T65: 30 | U65: =SUM(O65:T65) -> 191 | V65: Retno H | W65: 19t0NJwSlZk1z3q7AXEvTX1rlw1UNc9M9 | X65: https://drive.google.com/file/d/19t0NJwSlZk1z3q7AXEvTX1rlw1UNc9M9/view?usp=drivesdk | Y65: =HYPERLINK("https://drive.google.com/file/d/19t0NJwSlZk1z3q7AXEvTX1rlw1UNc9M9/view?usp=drivesdk","GC-FID_Tiza Wikansari _586") -> GC-FID_Tiza Wikansari _586 | Z65: Document successfully created; Document successfully merged; PDF created; Manually run by labterpadu.unit.uns@gmail.com; Timestamp: Sep 11 2025 2:28 AM
A66: 45910 | B66: 45911 | C66: 588 | D66: Fauziyah Azhari | E66: S062502001 | F66: S2 Kimia/FMIPA/UNS | G66: Tidak Akses | H66: GC-FID | I66: Roshid | J66: 6 | K66: 60000 | L66: =J66*K66 -> 360000 | N66: 15+5 | O66: 60 | P66: 0 | Q66: 20 | R66: =20*J66 -> 120 | S66: 30 | T66: 30 | U66: =SUM(O66:T66) -> 260 | V66: Retno H | W66: 1lTE3KRZselNy9i6vyoYBJx2AFUb2eSHk | X66: https://drive.google.com/file/d/1lTE3KRZselNy9i6vyoYBJx2AFUb2eSHk/view?usp=drivesdk | Y66: =HYPERLINK("https://drive.google.com/file/d/1lTE3KRZselNy9i6vyoYBJx2AFUb2eSHk/view?usp=drivesdk","GC-FID_Fauziyah Azhari_588") -> GC-FID_Fauziyah Azhari_588 | Z66: Document successfully created; Document successfully merged; PDF created; Manually run by labterpadu.unit.uns@gmail.com; Timestamp: Sep 11 2025 2:28 AM
A67: 45909 | B67: 45910 | C67: 578 | D67: Fauziyah Azhari | E67: S062502002 | F67: S2 Kimia/FMIPA/UNS | G67: Tidak Akses | H67: GC-FID | I67: Roshid | J67: 13 | K67: 60000 | L67: =J67*K67 -> 780000 | N67: 15+5 | O67: 60 | P67: 0 | Q67: 20 | R67: =20*J67 -> 260 | S67: 30 | T67: 30 | U67: =SUM(O67:T67) -> 400 | V67: Retno H | W67: 16yBirKO8N-RxOyLiwbXGyH_pVve4Cf03 | X67: https://drive.google.com/file/d/16yBirKO8N-RxOyLiwbXGyH_pVve4Cf03/view?usp=drivesdk | Y67: =HYPERLINK("https://drive.google.com/file/d/16yBirKO8N-RxOyLiwbXGyH_pVve4Cf03/view?usp=drivesdk","GC-FID_Fauziyah Azhari_578") -> GC-FID_Fauziyah Azhari_578 | Z67: Document successfully created; Document successfully merged; PDF created; Manually run by labterpadu.unit.uns@gmail.com; Timestamp: Sep 11 2025 2:45 AM
A68: 45932 | B68: 45943 | C68: 648 | D68: Fauziyah Azhari | E68: S062502001 | F68: S2 Kimia/FMIPA/UNS | G68: Tidak Akses | H68: GC-FID | I68: Roshid | J68: 5 | K68: 60000 | L68: =J68*K68 -> 300000 | N68: 15+5 | O68: 60 | P68: 0 | Q68: 20 | R68: =20*J68 -> 100 | S68: 30 | T68: 30 | U68: =SUM(O68:T68) -> 240 | V68: Retno H | W68: 1qNyrU2co3GzZ0QhxdICn94hLtBn-ZlWd | X68: https://drive.google.com/file/d/1qNyrU2co3GzZ0QhxdICn94hLtBn-ZlWd/view?usp=drivesdk | Y68: =HYPERLINK("https://drive.google.com/file/d/1qNyrU2co3GzZ0QhxdICn94hLtBn-ZlWd/view?usp=drivesdk","GC-FID_Fauziyah Azhari_648") -> GC-FID_Fauziyah Azhari_648 | Z68: Document successfully created; Document successfully merged; PDF created; Manually run by labterpadu.unit.uns@gmail.com; Timestamp: Oct 13 2025 1:58 AM
A69: 45932 | B69: 45943 | C69: 649 | D69: Tiza Wikansari | E69: K3322099 | F69: Pendidikan kimia/FKIP/UNS | G69: Tidak Akses | H69: GC-FID | I69: Roshid | J69: 2 | K69: 60000 | L69: =J69*K69 -> 120000 | N69: 12+5 | O69: 60 | P69: 0 | Q69: 20 | R69: =20*J69 -> 40 | S69: 30 | T69: 30 | U69: =SUM(O69:T69) -> 180 | V69: Retno H | W69: 1_qvmeqw5tUQi39rERUuPCT33RHe6Vo39 | X69: https://drive.google.com/file/d/1_qvmeqw5tUQi39rERUuPCT33RHe6Vo39/view?usp=drivesdk | Y69: =HYPERLINK("https://drive.google.com/file/d/1_qvmeqw5tUQi39rERUuPCT33RHe6Vo39/view?usp=drivesdk","GC-FID_Tiza Wikansari _649") -> GC-FID_Tiza Wikansari _649 | Z69: Document successfully created; Document successfully merged; PDF created; Manually run by labterpadu.unit.uns@gmail.com; Timestamp: Oct 13 2025 1:58 AM
A70: 45908 | B70: 45944 | C70: 569 | D70: Umi Nafisah | E70: - | F70: S3 Farmasi/Farmasi/Universitas Muhammadiyah Surakarta | G70: Tidak Akses | H70: GC-FID | I70: Roshid | J70: 14 | K70: 100000 | L70: =J70*K70 -> 1400000 | N70: 11+5 | O70: 60 | P70: 0 | Q70: 20 | R70: =11*J70 -> 154 | S70: 30 | T70: 30 | U70: =SUM(O70:T70) -> 294 | V70: Retno H | W70: 1balHz6qKbhwFiReIenfItwyjmlq9Cq7_ | X70: https://drive.google.com/file/d/1balHz6qKbhwFiReIenfItwyjmlq9Cq7_/view?usp=drivesdk | Y70: =HYPERLINK("https://drive.google.com/file/d/1balHz6qKbhwFiReIenfItwyjmlq9Cq7_/view?usp=drivesdk","GC-FID_Umi Nafisah_569") -> GC-FID_Umi Nafisah_569 | Z70: Document successfully created; Document successfully merged; PDF created; Manually run by labterpadu.unit.uns@gmail.com; Timestamp: Oct 14 2025 12:11 AM
A71: 45957 | B71: 45958 | C71: 715 | D71: Lia Umi Khasanah | E71: 198007312008012012 | F71: ITP/FP/UNS | G71: Tidak Akses | H71: GC-FID | I71: Roshid | J71: 36 | K71: 60000 | L71: =J71*K71 -> 2160000 | N71: 11+5 | O71: 60 | P71: 0 | Q71: 20 | R71: =11*J71 -> 396 | S71: 30 | T71: 30 | U71: =SUM(O71:T71) -> 536 | V71: Retno H | W71: 1SiAEPy6sbbQrZ0MqeZAqJpLkpHObipUu | X71: https://drive.google.com/file/d/1SiAEPy6sbbQrZ0MqeZAqJpLkpHObipUu/view?usp=drivesdk | Y71: =HYPERLINK("https://drive.google.com/file/d/1SiAEPy6sbbQrZ0MqeZAqJpLkpHObipUu/view?usp=drivesdk","GC-FID_Lia Umi Khasanah_715") -> GC-FID_Lia Umi Khasanah_715 | Z71: Document successfully created; Document successfully merged; PDF created; Manually run by labterpadu.unit.uns@gmail.com; Timestamp: Oct 28 2025 5:30 AM
A72: 45952 | B72: 45958 | C72: 701 | D72: Tri Wahyu Novita | E72: K3322100 | F72: Pendidikan Kimia/FKIP/UNS | G72: Tidak Akses | H72: GC-FID | I72: Widyan | J72: 3 | K72: 60000 | L72: =J72*K72 -> 180000 | N72: 12+5 | O72: 60 | P72: 0 | Q72: 20 | R72: =11*J72 -> 33 | S72: 30 | T72: 30 | U72: =SUM(O72:T72) -> 173 | V72: Retno H | W72: 1GshpPM4loF1W_zpFN9xtsHn9Lcb7TtwX | X72: https://drive.google.com/file/d/1GshpPM4loF1W_zpFN9xtsHn9Lcb7TtwX/view?usp=drivesdk | Y72: =HYPERLINK("https://drive.google.com/file/d/1GshpPM4loF1W_zpFN9xtsHn9Lcb7TtwX/view?usp=drivesdk","GC-FID_Tri Wahyu Novita_701") -> GC-FID_Tri Wahyu Novita_701 | Z72: Document successfully created; Document successfully merged; PDF created; Manually run by labterpadu.unit.uns@gmail.com; Timestamp: Oct 28 2025 10:11 AM
A73: 45952 | B73: 45958 | C73: 700 | D73: Tiza Wikansari | E73: K3322099 | F73: Pendidikan Kimia/FKIP/UNS | G73: Tidak Akses | H73: GC-FID | I73: Widyan | J73: 2 | K73: 60000 | L73: =J73*K73 -> 120000 | N73: 12+5 | O73: 60 | P73: 0 | Q73: 20 | R73: =11*J73 -> 22 | S73: 30 | T73: 30 | U73: =SUM(O73:T73) -> 162 | V73: Retno H | W73: 1AH6N_s1IwZiK6-L0rZ-Pj_6mfewZuSSH | X73: https://drive.google.com/file/d/1AH6N_s1IwZiK6-L0rZ-Pj_6mfewZuSSH/view?usp=drivesdk | Y73: =HYPERLINK("https://drive.google.com/file/d/1AH6N_s1IwZiK6-L0rZ-Pj_6mfewZuSSH/view?usp=drivesdk","GC-FID_Tiza Wikansari_700") -> GC-FID_Tiza Wikansari_700 | Z73: Document successfully created; Document successfully merged; PDF created; Manually run by labterpadu.unit.uns@gmail.com; Timestamp: Oct 28 2025 10:12 AM
A74: 45958 | B74: 45965 | C74: 726 | D74: Mustika Della Asti | E74: K3322068 | F74: Pendidikan Kimia/FKIP/UNS | G74: Tidak Akses | H74: GC-FID | I74: Widyan, Retno | J74: 18 | K74: 60000 | L74: =J74*K74 -> 1080000 | N74: 12+5 | O74: 60 | P74: 0 | Q74: 20 | R74: =11*J74 -> 198 | S74: 30 | T74: 30 | U74: =SUM(O74:T74) -> 338 | V74: Retno H | W74: 1s7BHEUQJTxUhNsx8G1iQDA5Kd9B8ERAq | X74: https://drive.google.com/file/d/1s7BHEUQJTxUhNsx8G1iQDA5Kd9B8ERAq/view?usp=drivesdk | Y74: =HYPERLINK("https://drive.google.com/file/d/1s7BHEUQJTxUhNsx8G1iQDA5Kd9B8ERAq/view?usp=drivesdk","GC-FID_Mustika Della Asti_726") -> GC-FID_Mustika Della Asti_726 | Z74: Document successfully created; Document successfully merged; PDF created; Manually run by labterpadu.unit.uns@gmail.com; Timestamp: Nov 4 2025 2:10 AM
A75: 45971 | B75: 45973 | C75: 751 | D75: Vito Bintang Saputra | E75: M0321076 | F75: Kimia | G75: Tidak Akses | H75: GC-FID | I75: Roshid | J75: 21 | K75: 60000 | L75: =J75*K75 -> 1260000 | N75: 12+5 | O75: 60 | P75: 0 | Q75: 20 | R75: =11*J75 -> 231 | S75: 30 | T75: 30 | U75: =SUM(O75:T75) -> 371 | V75: Retno H | W75: 1chY6MtRhu-jD3F1QaARUEGcET7an3g5U | X75: https://drive.google.com/file/d/1chY6MtRhu-jD3F1QaARUEGcET7an3g5U/view?usp=drivesdk | Y75: =HYPERLINK("https://drive.google.com/file/d/1chY6MtRhu-jD3F1QaARUEGcET7an3g5U/view?usp=drivesdk","GC-FID_Vito Bintang Saputra _751") -> GC-FID_Vito Bintang Saputra _751 | Z75: Document successfully created; Document successfully merged; PDF created; Manually run by labterpadu.unit.uns@gmail.com; Timestamp: Nov 12 2025 2:15 AM
A76: 45971 | B76: 45973 | C76: 753 | D76: Tiza Wikansari | E76: K3322099 | F76: Pendidikan Kimia/FKIP/UNS | G76: Tidak Akses | H76: GC-FID | I76: Roshid | J76: 6 | K76: 60000 | L76: =J76*K76 -> 360000 | N76: 12+5 | O76: 60 | P76: 0 | Q76: 20 | R76: =11*J76 -> 66 | S76: 30 | T76: 30 | U76: =SUM(O76:T76) -> 206 | V76: Retno H | W76: 1YUtcQLLGcSWPU4C89Fe4m7d5fkMXcRUl | X76: https://drive.google.com/file/d/1YUtcQLLGcSWPU4C89Fe4m7d5fkMXcRUl/view?usp=drivesdk | Y76: =HYPERLINK("https://drive.google.com/file/d/1YUtcQLLGcSWPU4C89Fe4m7d5fkMXcRUl/view?usp=drivesdk","GC-FID_Tiza Wikansari_753") -> GC-FID_Tiza Wikansari_753 | Z76: Document successfully created; Document successfully merged; PDF created; Manually run by labterpadu.unit.uns@gmail.com; Timestamp: Nov 12 2025 2:15 AM
A77: 45978 | B77: 45978 | C77: 767 | D77: Vito Bintang Saputra | E77: M0321076 | F77: Kimia | G77: Tidak Akses | H77: GC-FID | I77: Roshid | J77: 8 | K77: 60000 | L77: =J77*K77 -> 480000 | N77: 14+5 | O77: 60 | P77: 0 | Q77: 20 | R77: =14*J77 -> 112 | S77: 30 | T77: 30 | U77: =SUM(O77:T77) -> 252 | V77: Retno H | W77: 1HaIolMsxvzPOIvyodsI0GP20GAi3K16q | X77: https://drive.google.com/file/d/1HaIolMsxvzPOIvyodsI0GP20GAi3K16q/view?usp=drivesdk | Y77: =HYPERLINK("https://drive.google.com/file/d/1HaIolMsxvzPOIvyodsI0GP20GAi3K16q/view?usp=drivesdk","GC-FID_Vito Bintang Saputra_767") -> GC-FID_Vito Bintang Saputra_767 | Z77: Document successfully created; Document successfully merged; PDF created; Manually run by labterpadu.unit.uns@gmail.com; Timestamp: Nov 17 2025 2:52 AM
A78: 45980 | B78: 45982 | C78: 775 | D78: Tiza Wikansari | E78: K3322099 | F78: Pendidikan Kimia/FKIP/UNS | G78: Tidak Akses | H78: GC-FID | I78: Roshid | J78: 4 | K78: 60000 | L78: =J78*K78 -> 240000 | N78: 12+5 | O78: 60 | P78: 0 | Q78: 20 | R78: =11*J78 -> 44 | S78: 30 | T78: 30 | U78: =SUM(O78:T78) -> 184 | V78: Retno H | W78: 1ZHLGJCn8PJmIhuH9JkPqs6oJPk3Z9sUh | X78: https://drive.google.com/file/d/1ZHLGJCn8PJmIhuH9JkPqs6oJPk3Z9sUh/view?usp=drivesdk | Y78: =HYPERLINK("https://drive.google.com/file/d/1ZHLGJCn8PJmIhuH9JkPqs6oJPk3Z9sUh/view?usp=drivesdk","GC-FID_Tiza Wikansari_775") -> GC-FID_Tiza Wikansari_775 | Z78: Document successfully created; Document successfully merged; PDF created; Manually run by labterpadu.unit.uns@gmail.com; Timestamp: Nov 20 2025 10:13 PM
L79: =sum(L9:L78) -> 27020000

Sheet Old GC-FID
A1: Tanggal Map Keluar | B1: Hari, Tanggal pembuatan rekap | C1: Agenda | D1: Nama | E1: NIM/NIP | F1: Fakultas/Univ | G1: Akses Lab | H1: Instrument | I1: Operator | J1: Jumlah Sampel | K1: Jumlah Paket | L1: Harga per paket | M1: Tambahan sampel | N1: Harga per tambahan | O1: Waktu retensi | P1: Persiapan instrument | Q1: Preparasi sampel | R1: Blank | S1: Pengukuran sampel | T1: Pengolahan data | U1: Mematikan instrument | V1: Total waktu pengerjaan | W1: Disposable syringe | X1: Harga_1 | Y1: Total_1 | Z1: Membran_Filter | AA1: Harga_2 | AB1: Total_2 | AC1: Pelarut | AD1: Jml | AE1: Harga_3 | AF1: Total_3 | AG1: Total_Bahan | AH1: Pembuat Rekap | AI1: Merged Doc ID - Rekap Old GC-FID | AJ1: Merged Doc URL - Rekap Old GC-FID | AK1: Link to merged Doc - Rekap Old GC-FID | AL1: Document Merge Status - Rekap Old GC-FID
A2: 45518 | B2: 45527 | C2: 712 | D2: Hana Prasita Larasati | E2: K3321032 | F2: Pendidikan kimia/FKIP/UNS | G2: Akses | H2: GC-FID | I2: Dendy | J2: 5 | K2: 1 | L2: 150000 | M2: - | N2: - | O2: 12 + 3 | P2: 60 | Q2: 0 | R2: 20 | S2: 75 | T2: =10*J2 -> 50 | U2: 5 | V2: =SUM(P2:U2) -> 210 | AH2: Retno H | AI2: 1oSyQZ7gq1qKagzuJoQ_qL9lyZ1yhOkcz | AJ2: https://drive.google.com/file/d/1oSyQZ7gq1qKagzuJoQ_qL9lyZ1yhOkcz/view?usp=drivesdk | AK2: =HYPERLINK("https://drive.google.com/file/d/1oSyQZ7gq1qKagzuJoQ_qL9lyZ1yhOkcz/view?usp=drivesdk","Old GC-FID_Hana Prasita Larasati _712") -> Old GC-FID_Hana Prasita Larasati _712 | AL2: Document successfully created; Document successfully merged; PDF created; Manually run by labterpadu.unit.uns@gmail.com; Timestamp: Jan 9 2025 1:51 AM
A3: 45527 | B3: 45531 | C3: 729 | D3: Anggi Khoerul Jannah | E3: K3320007 | F3: Pendidikan kimia/FKIP/UNS | G3: Akses | H3: GC-FID | I3: Dendy | J3: 4 | K3: 1 | L3: 150000 | M3: - | N3: - | O3: 7 + 3 | P3: 60 | Q3: 40 | R3: 20 | S3: 40 | T3: 40 | U3: 30 | V3: =SUM(P3:U3) -> 230 | AH3: Retno H | AI3: 1oQTZsvvRNXL3CY2f2KeNAjpfi3x47_Rb | AJ3: https://drive.google.com/file/d/1oQTZsvvRNXL3CY2f2KeNAjpfi3x47_Rb/view?usp=drivesdk | AK3: =HYPERLINK("https://drive.google.com/file/d/1oQTZsvvRNXL3CY2f2KeNAjpfi3x47_Rb/view?usp=drivesdk","Old GC-FID_Anggi Khoerul Jannah_729") -> Old GC-FID_Anggi Khoerul Jannah_729 | AL3: Document successfully created; Document successfully merged; PDF created; Manually run by labterpadu.unit.uns@gmail.com; Timestamp: Jan 9 2025 1:51 AM
A4: 45568 | B4: 45569 | C4: 811 | D4: Hana Prasita Larasati | E4: K3321032 | F4: Pendidikan Kimia/FKIP/UNS | G4: Akses | H4: GC-FID | I4: Dendy | J4: 6 | K4: 1 | L4: 150000 | M4: - | N4: - | O4: 12 + 3 | P4: 60 | Q4: 0 | R4: 30 | S4: 90 | T4: 60 | U4: 30 | V4: =SUM(P4:U4) -> 270 | AH4: Retno H | AI4: 1SMMY4lZkFFCc60UM2oBYWMz3m_szlYri | AJ4: https://drive.google.com/file/d/1SMMY4lZkFFCc60UM2oBYWMz3m_szlYri/view?usp=drivesdk | AK4: =HYPERLINK("https://drive.google.com/file/d/1SMMY4lZkFFCc60UM2oBYWMz3m_szlYri/view?usp=drivesdk","Old GC-FID_Hana Prasita Larasati_811") -> Old GC-FID_Hana Prasita Larasati_811 | AL4: Document successfully created; Document successfully merged; PDF created; Manually run by labterpadu.unit.uns@gmail.com; Timestamp: Jan 9 2025 1:51 AM
A5: 45631 | B5: 45632 | C5: 917 | D5: Nur Rohmah Al Fiyani | E5: M0321054 | F5: S1KIMIA/ FMIPA/ UNS | G5: Akses | H5: GC-FID | I5: Dendy | J5: 6 | K5: 1 | L5: 150000 | M5: - | N5: - | O5: 13 + 3 | P5: 60 | Q5: 0 | R5: 30 | S5: 96 | T5: 60 | U5: 30 | V5: =SUM(P5:U5) -> 276 | AH5: Retno H | AI5: 11AmyJf8EsdLB0hJWHUTMjcCJdObTGQrc | AJ5: https://drive.google.com/file/d/11AmyJf8EsdLB0hJWHUTMjcCJdObTGQrc/view?usp=drivesdk | AK5: =HYPERLINK("https://drive.google.com/file/d/11AmyJf8EsdLB0hJWHUTMjcCJdObTGQrc/view?usp=drivesdk","Old GC-FID_Nur Rohmah Al Fiyani_917") -> Old GC-FID_Nur Rohmah Al Fiyani_917 | AL5: Document successfully created; Document successfully merged; PDF created; Manually run by labterpadu.unit.uns@gmail.com; Timestamp: Jan 9 2025 1:52 AM
A6: 45631 | B6: 45632 | C6: 918 | D6: Vito Bintang Saputra | E6: M0321076 | F6: Kimia | G6: Akses | H6: GC-FID | I6: Dendy | J6: 6 | K6: 1 | L6: 150000 | M6: - | N6: - | O6: 15 + 3 | P6: 60 | Q6: 0 | R6: 30 | S6: 108 | T6: 60 | U6: 30 | V6: =SUM(P6:U6) -> 288 | AH6: Retno H | AI6: 1k1EWn95GKYYGKpAiNzDS52BlcbJFgi9L | AJ6: https://drive.google.com/file/d/1k1EWn95GKYYGKpAiNzDS52BlcbJFgi9L/view?usp=drivesdk | AK6: =HYPERLINK("https://drive.google.com/file/d/1k1EWn95GKYYGKpAiNzDS52BlcbJFgi9L/view?usp=drivesdk","Old GC-FID_Vito Bintang Saputra _918") -> Old GC-FID_Vito Bintang Saputra _918 | AL6: Document successfully created; Document successfully merged; PDF created; Manually run by labterpadu.unit.uns@gmail.com; Timestamp: Jan 9 2025 1:52 AM
A7: 45649 | B7: 45650 | C7: 949 | D7: Dwi Safitri | E7: K3321022 | F7: Pendidikan Kimia/FKIP/UNS | G7: Akses | H7: GC-FID | I7: Dendy | J7: 8 | K7: 1 | L7: 150000 | M7: 2 | N7: 100000 | O7: 12+3 | P7: 60 | Q7: 0 | R7: 20 | S7: 90 | T7: 80 | U7: 30 | V7: =SUM(P7:U7) -> 280 | AH7: Retno H | AI7: 1A2qy6UkFnczIHkG5BPNw4ePbVk8aSJCd | AJ7: https://drive.google.com/file/d/1A2qy6UkFnczIHkG5BPNw4ePbVk8aSJCd/view?usp=drivesdk | AK7: =HYPERLINK("https://drive.google.com/file/d/1A2qy6UkFnczIHkG5BPNw4ePbVk8aSJCd/view?usp=drivesdk","Old GC-FID_Dwi Safitri_949") -> Old GC-FID_Dwi Safitri_949 | AL7: Document successfully created; Document successfully merged; PDF created; Manually run by labterpadu.unit.uns@gmail.com; Timestamp: Jan 9 2025 1:52 AM
A8: 45650 | B8: 45650 | C8: 954 | D8: Hana Prasita Larasati | E8: K3321032 | F8: Pendidikan Kimia/FKIP/UNS | G8: Akses | H8: GC-FID | I8: Dendy | J8: 6 | K8: 1 | L8: 150000 | M8: - | N8: - | O8: 12 + 3 | P8: 60 | Q8: 0 | R8: 20 | S8: 90 | T8: 60 | U8: 30 | V8: =SUM(P8:U8) -> 260 | AH8: Retno H | AI8: 1dxFzK_lR3F-Vy-9-9iTupsMfZo59tW_0 | AJ8: https://drive.google.com/file/d/1dxFzK_lR3F-Vy-9-9iTupsMfZo59tW_0/view?usp=drivesdk | AK8: =HYPERLINK("https://drive.google.com/file/d/1dxFzK_lR3F-Vy-9-9iTupsMfZo59tW_0/view?usp=drivesdk","Old GC-FID_Hana Prasita Larasati_954") -> Old GC-FID_Hana Prasita Larasati_954 | AL8: Document successfully created; Document successfully merged; PDF created; Manually run by labterpadu.unit.uns@gmail.com; Timestamp: Jan 9 2025 1:52 AM
A9: 45665 | B9: 45665 | C9: 4 | D9: Nur Rohmah Al Fiyani | E9: M0321054 | F9: S1KIMIA/ FMIPA/ UNS | G9: Akses | H9: GC-FID | I9: Dendy | J9: 6 | K9: 1 | L9: 150000 | M9: - | N9: - | O9: 9 + 3 | P9: 60 | Q9: 0 | R9: 20 | S9: 72 | T9: 60 | U9: 30 | V9: =SUM(P9:U9) -> 242 | AH9: Retno H | AI9: 1QP7Dyxdf3loycVBXVkop06HJVK-pQcQ9 | AJ9: https://drive.google.com/file/d/1QP7Dyxdf3loycVBXVkop06HJVK-pQcQ9/view?usp=drivesdk | AK9: =HYPERLINK("https://drive.google.com/file/d/1QP7Dyxdf3loycVBXVkop06HJVK-pQcQ9/view?usp=drivesdk","Old GC-FID_Nur Rohmah Al Fiyani_4") -> Old GC-FID_Nur Rohmah Al Fiyani_4 | AL9: Document successfully created; Document successfully merged; PDF created; Manually run by labterpadu.unit.uns@gmail.com; Timestamp: Jan 9 2025 1:52 AM
A10: 45666 | B10: 45666 | C10: 7 | D10: Nur Rohmah Al Fiyani | E10: M0321054 | F10: S1KIMIA/ FMIPA/ UNS | G10: Akses | H10: GC-FID | I10: Dendy | J10: 6 | K10: 1 | L10: 150000 | M10: - | N10: - | O10: 9 + 3 | P10: 60 | Q10: 0 | R10: 20 | S10: 72 | T10: 60 | U10: 30 | V10: =SUM(P10:U10) -> 242 | AH10: Retno H | AI10: 1qsgt8Zsytci5H7MMigAia7BrtD3piEVW | AJ10: https://drive.google.com/file/d/1qsgt8Zsytci5H7MMigAia7BrtD3piEVW/view?usp=drivesdk | AK10: =HYPERLINK("https://drive.google.com/file/d/1qsgt8Zsytci5H7MMigAia7BrtD3piEVW/view?usp=drivesdk","Old GC-FID_Nur Rohmah Al Fiyani_7") -> Old GC-FID_Nur Rohmah Al Fiyani_7 | AL10: Document successfully created; Document successfully merged; PDF created; Manually run by labterpadu.unit.uns@gmail.com; Timestamp: Jan 9 2025 1:53 AM

Sheet Antibakteri
A1: Tanggal Map Keluar | B1: Hari, Tanggal pembuatan rekap | C1: Pembuat Rekap | D1: Agenda | E1: Nama | F1: NIM/NIP | G1: Fakultas/Univ | H1: Akses Lab | I1: Instrument/Uji | J1: Operator | K1: Jumlah Sampel | L1: Jumlah Cawan | M1: Harga per Cawan | N1: Preparasi alat gelas & media | O1: Setting alat autoclave | P1: Preparasi sampel | Q1: Menuang media | R1: Regenerasi bakteri | S1: Setting inkubator | T1: Mengerjakan sampel | U1: Setting inkubator 2 | V1: Pengamatan + ukur daya hambat | W1: Laporan | X1: Total waktu pengerjaan | Y1: Merged Doc ID - Antibakteri | Z1: Merged Doc URL - Antibakteri | AA1: Link to merged Doc - Antibakteri | AB1: Document Merge Status - Antibakteri
A2: 45510 | B2: 45548 | C2: Retno Hartati | D2: 700 | E2: Rohmadi | F2: T762102002 | G2: PSDITM/Fak. Teknik/UNS | H2: Tidak Akses | I2: Aktivitas Antibakteri | J2: Hartono, Pratiwi | K2: 66 | L2: 22 | M2: =if(H2="Akses",150000,IF(H2="Tidak Akses",300000,0)) -> 300000 | N2: 45 | O2: 10 | P2: =10*K2 -> 660 | Q2: 15 | R2: 30 | S2: 10 | T2: =30*L2 -> 660 | U2: 10 | V2: =30*L2 -> 660 | W2: 10 | X2: =N2+O2+P2+Q2+R2+S2+T2+U2+V2+W2 -> 2110 | Y2: 1WlSZslAiMeFaB9Bsz-g0dd4nnjZhV_6p | Z2: https://drive.google.com/file/d/1WlSZslAiMeFaB9Bsz-g0dd4nnjZhV_6p/view?usp=drivesdk | AA2: =HYPERLINK("https://drive.google.com/file/d/1WlSZslAiMeFaB9Bsz-g0dd4nnjZhV_6p/view?usp=drivesdk","Antibakteri_700") -> Antibakteri_700 | AB2: Document successfully created; Document successfully merged; PDF created; Manually run by labterpadu.unit.uns@gmail.com; Timestamp: Sep 12 2024 11:17 PM
A3: 45524 | B3: 45548 | C3: Retno Hartati | D3: 726 | E3: Shaffina Alya Ainun Naim | F3: K3320069 | G3: Pendidikan Kimia/FKIP/UNS | H3: Tidak Akses | I3: Aktivitas Antibakteri | J3: Hartono, Pratiwi | K3: 16 | L3: 4 | M3: =if(H3="Akses",150000,IF(H3="Tidak Akses",300000,0)) -> 300000 | N3: 45 | O3: 10 | P3: =10*K3 -> 160 | Q3: 15 | R3: 30 | S3: 10 | T3: =30*L3 -> 120 | U3: 10 | V3: =30*L3 -> 120 | W3: 10 | X3: =N3+O3+P3+Q3+R3+S3+T3+U3+V3+W3 -> 530 | Y3: 1ncR57gNe3Lnu2C_FP4Da4miIhVhW68I5 | Z3: https://drive.google.com/file/d/1ncR57gNe3Lnu2C_FP4Da4miIhVhW68I5/view?usp=drivesdk | AA3: =HYPERLINK("https://drive.google.com/file/d/1ncR57gNe3Lnu2C_FP4Da4miIhVhW68I5/view?usp=drivesdk","Antibakteri_726") -> Antibakteri_726 | AB3: Document successfully created; Document successfully merged; PDF created; Manually run by labterpadu.unit.uns@gmail.com; Timestamp: Sep 12 2024 11:23 PM
A4: 45552 | B4: 45590 | C4: Retno Hartati | D4: 779 | E4: Adiana | F4: S912308002 | G4: Fisika | H4: Akses | I4: Aktivitas Antibakteri | J4: Pratiwi | K4: 36 | L4: 12 | M4: =if(H4="Akses",150000,IF(H4="Tidak Akses",300000,0)) -> 150000 | N4: 45 | O4: 10 | P4: =10*K4 -> 360 | Q4: 15 | R4: 30 | S4: 10 | T4: =30*L4 -> 360 | U4: 10 | V4: =30*L4 -> 360 | W4: 10 | X4: =N4+O4+P4+Q4+R4+S4+T4+U4+V4+W4 -> 1210 | Y4: 1mCYewurGbIpY07YmrteHXMzx28WlYkDo | Z4: https://drive.google.com/file/d/1mCYewurGbIpY07YmrteHXMzx28WlYkDo/view?usp=drivesdk | AB4: Document successfully created; Document successfully merged; PDF created; Manually run by labterpadu.unit.uns@gmail.com; Timestamp: Oct 25 2024 12:19 AM
A5: 45560 | B5: 45590 | C5: Retno Hartati | D5: 801 | E5: Adiana | F5: S912308003 | G5: Fisika | H5: Akses | I5: Aktivitas Antibakteri | J5: Pratiwi | K5: 20 | L5: 4 | M5: =if(H5="Akses",150000,IF(H5="Tidak Akses",300000,0)) -> 150000 | N5: 45 | O5: 10 | P5: =10*K5 -> 200 | Q5: 15 | R5: 30 | S5: 10 | T5: =30*L5 -> 120 | U5: 10 | V5: =30*L5 -> 120 | W5: 10 | X5: =N5+O5+P5+Q5+R5+S5+T5+U5+V5+W5 -> 570 | Y5: 1kg1G_eM3Tirvi-eD8nNaT6_hrfyyxNL6 | Z5: https://drive.google.com/file/d/1kg1G_eM3Tirvi-eD8nNaT6_hrfyyxNL6/view?usp=drivesdk | AA5: =HYPERLINK("https://drive.google.com/file/d/1kg1G_eM3Tirvi-eD8nNaT6_hrfyyxNL6/view?usp=drivesdk","Antibakteri_801") -> Antibakteri_801 | AB5: Document successfully created; Document successfully merged; PDF created; Manually run by labterpadu.unit.uns@gmail.com; Timestamp: Oct 25 2024 1:31 AM
A6: 45572 | B6: 45590 | C6: Retno Hartati | D6: 822 | E6: Fadhila Shafa Fareza | F6: K3320069 | G6: Pendidikan Kimia/FKIP/UNS | H6: Akses | I6: Aktivitas Antibakteri | J6: Pratiwi | K6: 12 | L6: 4 | M6: =if(H6="Akses",150000,IF(H6="Tidak Akses",300000,0)) -> 150000 | N6: 45 | O6: 10 | P6: =10*K6 -> 120 | Q6: 15 | R6: 30 | S6: 10 | T6: =30*L6 -> 120 | U6: 10 | V6: =30*L6 -> 120 | W6: 10 | X6: =N6+O6+P6+Q6+R6+S6+T6+U6+V6+W6 -> 490 | Y6: 1ozpIXNgzWwUrkdntH_c4OxvsBVBvenjB | Z6: https://drive.google.com/file/d/1ozpIXNgzWwUrkdntH_c4OxvsBVBvenjB/view?usp=drivesdk | AA6: =HYPERLINK("https://drive.google.com/file/d/1ozpIXNgzWwUrkdntH_c4OxvsBVBvenjB/view?usp=drivesdk","Antibakteri_822") -> Antibakteri_822 | AB6: Document successfully created; Document successfully merged; PDF created; Manually run by labterpadu.unit.uns@gmail.com; Timestamp: Oct 25 2024 1:43 AM
A7: 45630 | B7: 45650 | C7: Retno Hartati | D7: 915 | E7: Revina Shella Febriany | F7: 4311421071 | G7: Universitas Negeri Semarang | H7: Tidak Akses | I7: Aktivitas Antibakteri | J7: Pratiwi | K7: 3 | L7: 2 | M7: =if(H7="Akses",150000,IF(H7="Tidak Akses",300000,0)) -> 300000 | N7: 45 | O7: 10 | P7: =10*K7 -> 30 | Q7: 15 | R7: 30 | S7: 10 | T7: =30*L7 -> 60 | U7: 10 | V7: =30*L7 -> 60 | W7: 10 | X7: =N7+O7+P7+Q7+R7+S7+T7+U7+V7+W7 -> 280 | Y7: 1uvVgX-oQWtnQm1Tlw8Rh7FwUvfz3FlXx | Z7: https://drive.google.com/file/d/1uvVgX-oQWtnQm1Tlw8Rh7FwUvfz3FlXx/view?usp=drivesdk | AA7: =HYPERLINK("https://drive.google.com/file/d/1uvVgX-oQWtnQm1Tlw8Rh7FwUvfz3FlXx/view?usp=drivesdk","Antibakteri_915") -> Antibakteri_915 | AB7: Document successfully created; Document successfully merged; PDF created; Manually run by labterpadu.unit.uns@gmail.com; Timestamp: Dec 23 2024 8:37 PM
A8: 45663 | B8: 45687 | C8: Retno Hartati | D8: 973 | E8: Adiana Musadewi | F8: S912308002 | G8: S2 Fisika/UNS | H8: Akses | I8: Aktivitas Antibakteri | J8: Pratiwi | K8: 16 | L8: 4 | M8: 200000 | N8: 45 | O8: 10 | P8: =10*K8 -> 160 | Q8: 15 | R8: 30 | S8: 10 | T8: =30*L8 -> 120 | U8: 10 | V8: =30*L8 -> 120 | W8: 10 | X8: =N8+O8+P8+Q8+R8+S8+T8+U8+V8+W8 -> 530 | Y8: 1bO8HeZZBubngW1pQ9EyhtaosbYFJrvl- | Z8: https://drive.google.com/file/d/1bO8HeZZBubngW1pQ9EyhtaosbYFJrvl-/view?usp=drivesdk | AA8: =HYPERLINK("https://drive.google.com/file/d/1bO8HeZZBubngW1pQ9EyhtaosbYFJrvl-/view?usp=drivesdk","Antibakteri_973") -> Antibakteri_973 | AB8: Document successfully created; Document successfully merged; PDF created; Manually run by labterpadu.unit.uns@gmail.com; Timestamp: Jan 30 2025 10:40 PM
A9: 45677 | B9: 45701 | C9: Retno Hartati | D9: 33 | E9: Natasya Shalla Evelin | F9: K2322058 | G9: FKIP Fisika/UNS | H9: Akses | I9: Aktivitas Antibakteri | J9: Pratiwi | K9: 32 | L9: 8 | M9: 200000 | N9: 45 | O9: 10 | P9: =10*K9 -> 320 | Q9: 15 | R9: 30 | S9: 10 | T9: =30*L9 -> 240 | U9: 10 | V9: =30*L9 -> 240 | W9: 10 | X9: =N9+O9+P9+Q9+R9+S9+T9+U9+V9+W9 -> 930 | Y9: 1gQSa2EpmY16qdn5Sa9bToUYQmyLz6xCM | Z9: https://drive.google.com/file/d/1gQSa2EpmY16qdn5Sa9bToUYQmyLz6xCM/view?usp=drivesdk | AA9: =HYPERLINK("https://drive.google.com/file/d/1gQSa2EpmY16qdn5Sa9bToUYQmyLz6xCM/view?usp=drivesdk","Antibakteri_33") -> Antibakteri_33 | AB9: Document successfully created; Document successfully merged; PDF created; Manually run by labterpadu.unit.uns@gmail.com; Timestamp: Feb 12 2025 8:25 PM
A10: 45727 | B10: 45734 | C10: Retno Hartati | D10: 157 | E10: Nabilah Febria | F10: 4311421073 | G10: Universitas negeri semarang | H10: Non Akses | I10: Aktivitas Antibakteri | J10: Pratiwi | K10: 12 | L10: 4 | M10: 300000 | N10: 45 | O10: 10 | P10: =10*K10 -> 120 | Q10: 15 | R10: 30 | S10: 10 | T10: =30*L10 -> 120 | U10: 10 | V10: =30*L10 -> 120 | W10: 10 | X10: =N10+O10+P10+Q10+R10+S10+T10+U10+V10+W10 -> 490 | Y10: 1S6cNBHs1LBl7dHKr4clc5sixBHAxhfrH | Z10: https://drive.google.com/file/d/1S6cNBHs1LBl7dHKr4clc5sixBHAxhfrH/view?usp=drivesdk | AA10: =HYPERLINK("https://drive.google.com/file/d/1S6cNBHs1LBl7dHKr4clc5sixBHAxhfrH/view?usp=drivesdk","Antibakteri_157") -> Antibakteri_157 | AB10: Document successfully created; Document successfully merged; PDF created; Manually run by labterpadu.unit.uns@gmail.com; Timestamp: Mar 18 2025 3:09 AM
A11: 45769 | B11: 45786 | C11: Retno Hartati | D11: 219 | E11: Alief Almasyah | F11: M0221015 | G11: FMIPA/UNS | H11: Akses | I11: Aktivitas Antibakteri | J11: Pratiwi | K11: 6 | L11: 2 | M11: 200000 | N11: 45 | O11: 10 | P11: =10*K11 -> 60 | Q11: 15 | R11: 30 | S11: 10 | T11: =30*L11 -> 60 | U11: 10 | V11: =30*L11 -> 60 | W11: 10 | X11: =N11+O11+P11+Q11+R11+S11+T11+U11+V11+W11 -> 310 | Y11: 16p2NrbxbGbkYsRS7yWMMOwmhSSNzaeRh | Z11: https://drive.google.com/file/d/16p2NrbxbGbkYsRS7yWMMOwmhSSNzaeRh/view?usp=drivesdk | AA11: =HYPERLINK("https://drive.google.com/file/d/16p2NrbxbGbkYsRS7yWMMOwmhSSNzaeRh/view?usp=drivesdk","Antibakteri_219") -> Antibakteri_219 | AB11: Document successfully created; Document successfully merged; PDF created; Manually run by labterpadu.unit.uns@gmail.com; Timestamp: May 9 2025 1:46 AM
A12: 45776 | B12: 45786 | C12: Retno Hartati | D12: 237 | E12: Shinta Wulan Asih | F12: K2321066 | G12: FKIP Fisika/UNS | H12: Non Akses | I12: Aktivitas Antibakteri | J12: Pratiwi | K12: 2 | L12: 2 | M12: 200000 | N12: 45 | O12: 10 | P12: =10*K12 -> 20 | Q12: 15 | R12: 30 | S12: 10 | T12: =30*L12 -> 60 | U12: 10 | V12: =30*L12 -> 60 | W12: 10 | X12: =N12+O12+P12+Q12+R12+S12+T12+U12+V12+W12 -> 270 | Y12: 1wZQjy-19s6TD4x7WzuOyW3QVoFjlwU5o | Z12: https://drive.google.com/file/d/1wZQjy-19s6TD4x7WzuOyW3QVoFjlwU5o/view?usp=drivesdk | AA12: =HYPERLINK("https://drive.google.com/file/d/1wZQjy-19s6TD4x7WzuOyW3QVoFjlwU5o/view?usp=drivesdk","Antibakteri_237") -> Antibakteri_237 | AB12: Document successfully created; Document successfully merged; PDF created; Manually run by labterpadu.unit.uns@gmail.com; Timestamp: May 9 2025 1:52 AM
A13: 45784 | B13: 45786 | C13: Retno Hartati | D13: 254 | E13: Amylia Putri Anggraheani | F13: 4311421050 | G13: Kimia/FMIPA/UNNES | H13: Non Akses | I13: Aktivitas Antibakteri | J13: Pratiwi | K13: 8 | L13: 2 | M13: 300000 | N13: 45 | O13: 10 | P13: =10*K13 -> 80 | Q13: 15 | R13: 30 | S13: 10 | T13: =30*L13 -> 60 | U13: 10 | V13: =30*L13 -> 60 | W13: 10 | X13: =N13+O13+P13+Q13+R13+S13+T13+U13+V13+W13 -> 330 | Y13: 1OfNAiqqQuUS7JiXl8QZUlD-XcQqfkaKl | Z13: https://drive.google.com/file/d/1OfNAiqqQuUS7JiXl8QZUlD-XcQqfkaKl/view?usp=drivesdk | AA13: =HYPERLINK("https://drive.google.com/file/d/1OfNAiqqQuUS7JiXl8QZUlD-XcQqfkaKl/view?usp=drivesdk","Antibakteri_254") -> Antibakteri_254 | AB13: Document successfully created; Document successfully merged; PDF created; Manually run by labterpadu.unit.uns@gmail.com; Timestamp: May 9 2025 1:57 AM
A14: 45776 | B14: 45797 | C14: Retno Hartati | D14: 236+244 | E14: Adiana Musadewi | F14: S912308002 | G14: Fisika | H14: Akses | I14: Aktivitas Antibakteri | J14: Pratiwi | K14: 16 | L14: 4 | M14: 200000 | N14: 45 | O14: 10 | P14: =10*K14 -> 160 | Q14: 15 | R14: 30 | S14: 10 | T14: =30*L14 -> 120 | U14: 10 | V14: =30*L14 -> 120 | W14: 10 | X14: =N14+O14+P14+Q14+R14+S14+T14+U14+V14+W14 -> 530 | Y14: 1gmJR-z_oCPTOlEY3gcWpoZAS0bnrpe1p | Z14: https://drive.google.com/file/d/1gmJR-z_oCPTOlEY3gcWpoZAS0bnrpe1p/view?usp=drivesdk | AA14: =HYPERLINK("https://drive.google.com/file/d/1gmJR-z_oCPTOlEY3gcWpoZAS0bnrpe1p/view?usp=drivesdk","Antibakteri_236+244") -> Antibakteri_236+244 | AB14: Document successfully created; Document successfully merged; PDF created; Manually run by labterpadu.unit.uns@gmail.com; Timestamp: May 19 2025 11:28 PM
A15: 45792 | B15: 45805 | C15: Retno Hartati | D15: 287 | E15: Alief Almasyah | F15: M0221015 | G15: FMIPA/UNS | H15: Akses | I15: Aktivitas Antibakteri | J15: Pratiwi | K15: 2 | L15: 2 | M15: 200000 | N15: 45 | O15: 10 | P15: =10*K15 -> 20 | Q15: 15 | R15: 30 | S15: 10 | T15: =30*L15 -> 60 | U15: 10 | V15: =30*L15 -> 60 | W15: 10 | X15: =N15+O15+P15+Q15+R15+S15+T15+U15+V15+W15 -> 270 | Y15: 1VcfFacrCL46sJR9aX5Yoj1ZJyrQqZiUT | Z15: https://drive.google.com/file/d/1VcfFacrCL46sJR9aX5Yoj1ZJyrQqZiUT/view?usp=drivesdk | AA15: =HYPERLINK("https://drive.google.com/file/d/1VcfFacrCL46sJR9aX5Yoj1ZJyrQqZiUT/view?usp=drivesdk","Antibakteri_287") -> Antibakteri_287 | AB15: Document successfully created; Document successfully merged; PDF created; Manually run by labterpadu.unit.uns@gmail.com; Timestamp: May 28 2025 12:56 AM
A16: 44743 | B16: 45819 | C16: Retno Hartati | D16: 148 | E16: Ervica Ermalita | F16: - | G16: - | H16: Non Akses | I16: Aktivitas Antibakteri | J16: Pratiwi | K16: 6 | L16: 2 | M16: 350000 | N16: 45 | O16: 10 | P16: =10*K16 -> 60 | Q16: 15 | R16: 30 | S16: 10 | T16: =30*L16 -> 60 | U16: 10 | V16: =30*L16 -> 60 | W16: 10 | X16: =N16+O16+P16+Q16+R16+S16+T16+U16+V16+W16 -> 310 | Y16: 11klDD80MZuvHBcgCikfZ7vlTiUUqvtFI | Z16: https://drive.google.com/file/d/11klDD80MZuvHBcgCikfZ7vlTiUUqvtFI/view?usp=drivesdk | AA16: =HYPERLINK("https://drive.google.com/file/d/11klDD80MZuvHBcgCikfZ7vlTiUUqvtFI/view?usp=drivesdk","Antibakteri_148") -> Antibakteri_148 | AB16: Document successfully created; Document successfully merged; PDF created; Manually run by labterpadu.unit.uns@gmail.com; Timestamp: Jun 11 2025 3:38 AM
A17: 45818 | B17: 45820 | C17: Retno Hartati | D17: 374 | E17: Kiranda Dinata | F17: K2321040 | G17: Pendidikan Fisika / FKIP / UNS | H17: Non Akses | I17: Aktivitas Antibakteri | J17: Pratiwi | K17: 8 | L17: 2 | M17: 200000 | N17: 45 | O17: 10 | P17: =10*K17 -> 80 | Q17: 15 | R17: 30 | S17: 10 | T17: =30*L17 -> 60 | U17: 10 | V17: =30*L17 -> 60 | W17: 10 | X17: =N17+O17+P17+Q17+R17+S17+T17+U17+V17+W17 -> 330 | Y17: 1X1YlwsphnBKth7sLKPoEwr-BGut89SFs | Z17: https://drive.google.com/file/d/1X1YlwsphnBKth7sLKPoEwr-BGut89SFs/view?usp=drivesdk | AA17: =HYPERLINK("https://drive.google.com/file/d/1X1YlwsphnBKth7sLKPoEwr-BGut89SFs/view?usp=drivesdk","Antibakteri_374") -> Antibakteri_374 | AB17: Document successfully created; Document successfully merged; PDF created; Manually run by labterpadu.unit.uns@gmail.com; Timestamp: Jun 11 2025 10:14 PM
A18: 45818 | B18: 45820 | C18: Retno Hartati | D18: 375 | E18: Salma Nur Habibah | F18: M0221078 | G18: Fisika/MIPA | H18: Akses | I18: Aktivitas Antibakteri | J18: Pratiwi | K18: 16 | L18: 4 | M18: 200000 | N18: 45 | O18: 10 | P18: =10*K18 -> 160 | Q18: 15 | R18: 30 | S18: 10 | T18: =30*L18 -> 120 | U18: 10 | V18: =30*L18 -> 120 | W18: 10 | X18: =N18+O18+P18+Q18+R18+S18+T18+U18+V18+W18 -> 530 | Y18: 17jRfNYpxsXoVqjQN5OB16b6IbXyo4LKo | Z18: https://drive.google.com/file/d/17jRfNYpxsXoVqjQN5OB16b6IbXyo4LKo/view?usp=drivesdk | AA18: =HYPERLINK("https://drive.google.com/file/d/17jRfNYpxsXoVqjQN5OB16b6IbXyo4LKo/view?usp=drivesdk","Antibakteri_375") -> Antibakteri_375 | AB18: Document successfully created; Document successfully merged; PDF created; Manually run by labterpadu.unit.uns@gmail.com; Timestamp: Jun 11 2025 10:14 PM
A19: 45803 | B19: 45820 | C19: Retno Hartati | D19: 321 | E19: Iftitahul Khoiriyah | F19: K2321031 | G19: Pendidikan Fisika/FKIP/UNS | H19: Non Akses | I19: Aktivitas Antibakteri | J19: Pratiwi | K19: 4 | L19: 2 | M19: 200000 | N19: 45 | O19: 10 | P19: =10*K19 -> 40 | Q19: 15 | R19: 30 | S19: 10 | T19: =30*L19 -> 60 | U19: 10 | V19: =30*L19 -> 60 | W19: 10 | X19: =N19+O19+P19+Q19+R19+S19+T19+U19+V19+W19 -> 290 | Y19: 1LG-XIGzrvGqwdk32B0MkA9jDK7_Dijg9 | Z19: https://drive.google.com/file/d/1LG-XIGzrvGqwdk32B0MkA9jDK7_Dijg9/view?usp=drivesdk | AA19: =HYPERLINK("https://drive.google.com/file/d/1LG-XIGzrvGqwdk32B0MkA9jDK7_Dijg9/view?usp=drivesdk","Antibakteri_321") -> Antibakteri_321 | AB19: Document successfully created; Document successfully merged; PDF created; Manually run by labterpadu.unit.uns@gmail.com; Timestamp: Jun 11 2025 10:14 PM
A20: 45791 | B20: 45831 | C20: Retno Hartati | D20: 281 | E20: Alief Almasyah | F20: M0221015 | G20: FMIPA/UNS | H20: Akses | I20: Aktivitas Antibakteri | J20: Pratiwi | K20: 3 | L20: 2 | M20: 200000 | N20: 45 | O20: 10 | P20: =10*K20 -> 30 | Q20: 15 | R20: 30 | S20: 10 | T20: =30*L20 -> 60 | U20: 10 | V20: =30*L20 -> 60 | W20: 10 | X20: =N20+O20+P20+Q20+R20+S20+T20+U20+V20+W20 -> 280 | Y20: 10CkVdy48s8OgOvAVZDWbRyJX9WzvjSdA | Z20: https://drive.google.com/file/d/10CkVdy48s8OgOvAVZDWbRyJX9WzvjSdA/view?usp=drivesdk | AA20: =HYPERLINK("https://drive.google.com/file/d/10CkVdy48s8OgOvAVZDWbRyJX9WzvjSdA/view?usp=drivesdk","Antibakteri_281") -> Antibakteri_281 | AB20: Document successfully created; Document successfully merged; PDF created; Manually run by labterpadu.unit.uns@gmail.com; Timestamp: Jun 23 2025 12:37 AM
A21: 45826 | B21: 45832 | C21: Retno Hartati | D21: 414 | E21: Dessy Natasya Putri | F21: 4311421058 | G21: Kimia / FMIPA / Universitas Negeri Semarang | H21: Non Akses | I21: Aktivitas Antibakteri | J21: Pratiwi | K21: 12 | L21: 6 | M21: 300000 | N21: 45 | O21: 10 | P21: =10*K21 -> 120 | Q21: 15 | R21: 30 | S21: 10 | T21: =30*L21 -> 180 | U21: 10 | V21: =30*L21 -> 180 | W21: 10 | X21: =N21+O21+P21+Q21+R21+S21+T21+U21+V21+W21 -> 610 | Y21: 12HHm7isD8_CLfs7vJVAyDnxb14LHCme1 | Z21: https://drive.google.com/file/d/12HHm7isD8_CLfs7vJVAyDnxb14LHCme1/view?usp=drivesdk | AA21: =HYPERLINK("https://drive.google.com/file/d/12HHm7isD8_CLfs7vJVAyDnxb14LHCme1/view?usp=drivesdk","Antibakteri_414") -> Antibakteri_414 | AB21: Document successfully created; Document successfully merged; PDF created; Manually run by labterpadu.unit.uns@gmail.com; Timestamp: Jun 23 2025 1:07 AM
A22: 45826 | B22: 45832 | C22: Retno Hartati | D22: 413 | E22: Raihan Alif Rahman | F22: 4311421037 | G22: Kimia/MIPA/Universitas Negeri Semarang | H22: Non Akses | I22: Aktivitas Antibakteri | J22: Pratiwi | K22: 4 | L22: 2 | M22: 300000 | N22: 45 | O22: 10 | P22: =10*K22 -> 40 | Q22: 15 | R22: 30 | S22: 10 | T22: =30*L22 -> 60 | U22: 10 | V22: =30*L22 -> 60 | W22: 10 | X22: =N22+O22+P22+Q22+R22+S22+T22+U22+V22+W22 -> 290 | Y22: 1iIAJZ4HhFb188Awh9gVX5-Pwyt6SFPKK | Z22: https://drive.google.com/file/d/1iIAJZ4HhFb188Awh9gVX5-Pwyt6SFPKK/view?usp=drivesdk | AA22: =HYPERLINK("https://drive.google.com/file/d/1iIAJZ4HhFb188Awh9gVX5-Pwyt6SFPKK/view?usp=drivesdk","Antibakteri_413") -> Antibakteri_413 | AB22: Document successfully created; Document successfully merged; PDF created; Manually run by labterpadu.unit.uns@gmail.com; Timestamp: Jun 23 2025 1:07 AM
A23: 45826 | B23: 45832 | C23: Retno Hartati | D23: 420 | E23: Ernawati | F23: M0221034 | G23: Fisika/FMIPA/UNS | H23: Akses | I23: Aktivitas Antibakteri | J23: Pratiwi | K23: 4 | L23: 4 | M23: 200000 | N23: 45 | O23: 10 | P23: =10*K23 -> 40 | Q23: 15 | R23: 30 | S23: 10 | T23: =30*L23 -> 120 | U23: 10 | V23: =30*L23 -> 120 | W23: 10 | X23: =N23+O23+P23+Q23+R23+S23+T23+U23+V23+W23 -> 410 | Y23: 14vkdJT_DsAiHLG0puz0o2u2CMCXJ0mvG | Z23: https://drive.google.com/file/d/14vkdJT_DsAiHLG0puz0o2u2CMCXJ0mvG/view?usp=drivesdk | AA23: =HYPERLINK("https://drive.google.com/file/d/14vkdJT_DsAiHLG0puz0o2u2CMCXJ0mvG/view?usp=drivesdk","Antibakteri_420") -> Antibakteri_420 | AB23: Document successfully created; Document successfully merged; PDF created; Manually run by labterpadu.unit.uns@gmail.com; Timestamp: Jun 23 2025 1:07 AM
A24: 45825 | B24: 45832 | C24: Retno Hartati | D24: 411 | E24: Salma Nur Habibah | F24: M0221078 | G24: S1-Fisika/MIPA/Universitas Sebelas Maret | I24: Aktivitas Antibakteri | J24: Pratiwi | K24: 3 | L24: 4 | M24: 200000 | N24: 45 | O24: 10 | P24: =10*K24 -> 30 | Q24: 15 | R24: 30 | S24: 10 | T24: =30*L24 -> 120 | U24: 10 | V24: =30*L24 -> 120 | W24: 10 | X24: =N24+O24+P24+Q24+R24+S24+T24+U24+V24+W24 -> 400 | Y24: 1XxQ-9_HXN3L29QPyDYOGV3HD2OP7oiHa | Z24: https://drive.google.com/file/d/1XxQ-9_HXN3L29QPyDYOGV3HD2OP7oiHa/view?usp=drivesdk | AA24: =HYPERLINK("https://drive.google.com/file/d/1XxQ-9_HXN3L29QPyDYOGV3HD2OP7oiHa/view?usp=drivesdk","Antibakteri_411") -> Antibakteri_411 | AB24: Document successfully created; Document successfully merged; PDF created; Manually run by labterpadu.unit.uns@gmail.com; Timestamp: Jun 23 2025 1:08 AM
A25: 45860 | B25: 45874 | C25: Retno Hartati | D25: 491 | E25: Tasya Az-Zahra Setyorini | F25: S912502002 | G25: S2 Ilmu Fisika/FMIPA/UNS | H25: Akses | I25: Aktivitas Antibakteri | J25: Pratiwi | K25: 4 | L25: 1 | M25: 200000 | N25: 45 | O25: 10 | P25: =10*K25 -> 40 | Q25: 15 | R25: 30 | S25: 10 | T25: =30*L25 -> 30 | U25: 10 | V25: =30*L25 -> 30 | W25: 10 | X25: =N25+O25+P25+Q25+R25+S25+T25+U25+V25+W25 -> 230 | Y25: 1Iufuz7z5zFcr9lywhBSSICOcNrdzGYYA | Z25: https://drive.google.com/file/d/1Iufuz7z5zFcr9lywhBSSICOcNrdzGYYA/view?usp=drivesdk | AA25: =HYPERLINK("https://drive.google.com/file/d/1Iufuz7z5zFcr9lywhBSSICOcNrdzGYYA/view?usp=drivesdk","Antibakteri_491") -> Antibakteri_491 | AB25: Document successfully created; Document successfully merged; PDF created; Manually run by labterpadu.unit.uns@gmail.com; Timestamp: Aug 4 2025 11:38 PM
A26: 45861 | B26: 45874 | C26: Retno Hartati | D26: 492 | E26: Liana Kharisma | F26: J520220091 | G26: Pendidikan Kedokteran Gigi/Fakultas Kedokteran Gigi/Universitas Muhammadiyah Surakarta | H26: Akses | I26: Aktivitas Antibakteri | J26: Pratiwi | K26: 1 | L26: 1 | M26: 300000 | N26: 45 | O26: 10 | P26: =10*K26 -> 10 | Q26: 15 | R26: 30 | S26: 10 | T26: =30*L26 -> 30 | U26: 10 | V26: =30*L26 -> 30 | W26: 10 | X26: =N26+O26+P26+Q26+R26+S26+T26+U26+V26+W26 -> 200 | Y26: 1qN9qcBx5HLNbTBmo1SDYxSvYGgm3MajT | Z26: https://drive.google.com/file/d/1qN9qcBx5HLNbTBmo1SDYxSvYGgm3MajT/view?usp=drivesdk | AA26: =HYPERLINK("https://drive.google.com/file/d/1qN9qcBx5HLNbTBmo1SDYxSvYGgm3MajT/view?usp=drivesdk","Antibakteri_492") -> Antibakteri_492 | AB26: Document successfully created; Document successfully merged; PDF created; Manually run by labterpadu.unit.uns@gmail.com; Timestamp: Aug 4 2025 11:39 PM
A27: 45877 | B27: 45890 | C27: Retno Hartati | D27: 529 | E27: Nur Erika Putri Dewi | F27: 4311421052 | G27: Kimia/FMIPA/UNNES | H27: Non Akses | I27: Aktivitas Antibakteri | J27: Pratiwi | K27: 2 | L27: 2 | M27: 300000 | N27: 45 | O27: 10 | P27: =10*K27 -> 20 | Q27: 15 | R27: 30 | S27: 10 | T27: =30*L27 -> 60 | U27: 10 | V27: =30*L27 -> 60 | W27: 10 | X27: =N27+O27+P27+Q27+R27+S27+T27+U27+V27+W27 -> 270 | Y27: 1DUZ9Cx_-2C4sdfGOggmCZx2ogHbdlLaB | Z27: https://drive.google.com/file/d/1DUZ9Cx_-2C4sdfGOggmCZx2ogHbdlLaB/view?usp=drivesdk | AA27: =HYPERLINK("https://drive.google.com/file/d/1DUZ9Cx_-2C4sdfGOggmCZx2ogHbdlLaB/view?usp=drivesdk","Antibakteri_529") -> Antibakteri_529 | AB27: Document successfully created; Document successfully merged; PDF created; Manually run by labterpadu.unit.uns@gmail.com; Timestamp: Aug 21 2025 4:04 AM
A28: 45877 | B28: 45890 | C28: Retno Hartati | D28: 530 | E28: Dessy Natasya Putri | F28: 4311421058 | G28: Kimia/FMIPA/UNNES | H28: Non Akses | I28: Aktivitas Antibakteri | J28: Pratiwi | K28: 12 | L28: 8 | M28: 300000 | N28: 45 | O28: 10 | P28: =10*K28 -> 120 | Q28: 15 | R28: 30 | S28: 10 | T28: =30*L28 -> 240 | U28: 10 | V28: =30*L28 -> 240 | W28: 10 | X28: =N28+O28+P28+Q28+R28+S28+T28+U28+V28+W28 -> 730 | Y28: 1sz1uKpNSAgM4YTzSw29USsHmbZ7URmtp | Z28: https://drive.google.com/file/d/1sz1uKpNSAgM4YTzSw29USsHmbZ7URmtp/view?usp=drivesdk | AA28: =HYPERLINK("https://drive.google.com/file/d/1sz1uKpNSAgM4YTzSw29USsHmbZ7URmtp/view?usp=drivesdk","Antibakteri_530") -> Antibakteri_530 | AB28: Document successfully created; Document successfully merged; PDF created; Manually run by labterpadu.unit.uns@gmail.com; Timestamp: Aug 21 2025 4:04 AM
A29: 45896 | B29: 45901 | C29: Retno Hartati | D29: 563 | E29: Alfaira Nur Kamila | F29: 8973 | G29: MAN 2 Surakarta | H29: Akses | I29: Aktivitas Antibakteri | J29: Pratiwi | K29: 3 | L29: 3 | M29: 300000 | N29: 45 | O29: 10 | P29: =10*K29 -> 30 | Q29: 15 | R29: 30 | S29: 10 | T29: =30*L29 -> 90 | U29: 10 | V29: =30*L29 -> 90 | W29: 10 | X29: =N29+O29+P29+Q29+R29+S29+T29+U29+V29+W29 -> 340 | Y29: 1qFGH5t93zGOxAqoAXask6uY9Jh9QWwpu | Z29: https://drive.google.com/file/d/1qFGH5t93zGOxAqoAXask6uY9Jh9QWwpu/view?usp=drivesdk | AA29: =HYPERLINK("https://drive.google.com/file/d/1qFGH5t93zGOxAqoAXask6uY9Jh9QWwpu/view?usp=drivesdk","Antibakteri_563") -> Antibakteri_563 | AB29: Document successfully created; Document successfully merged; PDF created; Manually run by labterpadu.unit.uns@gmail.com; Timestamp: Sep 1 2025 2:11 AM
A30: 45883 | B30: 45904 | C30: Retno Hartati | D30: 541 | E30: Liana Kharisma | F30: J520220091 | G30: Prodi Pendidikan Kedokteran Gigi / Fakultas Kedokteran Gigi / Universitas Muhammadiyah Surakarta | H30: Akses | I30: Aktivitas Antibakteri | J30: Pratiwi | K30: 9 | L30: 15 | M30: 300000 | N30: 45 | O30: 10 | P30: =10*K30 -> 90 | Q30: 15 | R30: 30 | S30: 10 | T30: =30*L30 -> 450 | U30: 10 | V30: =30*L30 -> 450 | W30: 10 | X30: =N30+O30+P30+Q30+R30+S30+T30+U30+V30+W30 -> 1120 | Y30: 1UfcDfz6DXl7oTROpLmnEVCiSfvQYtxbG | Z30: https://drive.google.com/file/d/1UfcDfz6DXl7oTROpLmnEVCiSfvQYtxbG/view?usp=drivesdk | AA30: =HYPERLINK("https://drive.google.com/file/d/1UfcDfz6DXl7oTROpLmnEVCiSfvQYtxbG/view?usp=drivesdk","Antibakteri_541") -> Antibakteri_541 | AB30: Document successfully created; Document successfully merged; PDF created; Manually run by labterpadu.unit.uns@gmail.com; Timestamp: Sep 4 2025 1:01 AM
A31: 45898 | B31: 45912 | C31: Retno Hartati | D31: 566 | E31: Nabilah Faradilla | F31: - | G31: - | H31: Non Akses | I31: Aktivitas Antibakteri | J31: Pratiwi | K31: 1 | L31: 1 | M31: 300000 | N31: 45 | O31: 10 | P31: =10*K31 -> 10 | Q31: 15 | R31: 30 | S31: 10 | T31: =30*L31 -> 30 | U31: 10 | V31: =30*L31 -> 30 | W31: 10 | X31: =N31+O31+P31+Q31+R31+S31+T31+U31+V31+W31 -> 200 | Y31: 1nUGw6fO75iYCT0pGYHvKGhZHEX-51NRx | Z31: https://drive.google.com/file/d/1nUGw6fO75iYCT0pGYHvKGhZHEX-51NRx/view?usp=drivesdk | AA31: =HYPERLINK("https://drive.google.com/file/d/1nUGw6fO75iYCT0pGYHvKGhZHEX-51NRx/view?usp=drivesdk","Antibakteri_566") -> Antibakteri_566 | AB31: Document successfully created; Document successfully merged; PDF created; Manually run by labterpadu.unit.uns@gmail.com; Timestamp: Sep 11 2025 11:06 PM
A32: 45908 | B32: 45912 | C32: Retno Hartati | D32: 575 | E32: Tasya Az-Zahra Setyorini | F32: S912502002 | G32: S2 Ilmu Fisika/FMIPA/UNS | H32: Akses | I32: Aktivitas Antibakteri | J32: Pratiwi | K32: 4 | L32: 1 | M32: 200000 | N32: 45 | O32: 10 | P32: =10*K32 -> 40 | Q32: 15 | R32: 30 | S32: 10 | T32: =30*L32 -> 30 | U32: 10 | V32: =30*L32 -> 30 | W32: 10 | X32: =N32+O32+P32+Q32+R32+S32+T32+U32+V32+W32 -> 230 | Y32: 1InqrReDkhGXDzNpSN_alLvdJNRTZANmA | Z32: https://drive.google.com/file/d/1InqrReDkhGXDzNpSN_alLvdJNRTZANmA/view?usp=drivesdk | AA32: =HYPERLINK("https://drive.google.com/file/d/1InqrReDkhGXDzNpSN_alLvdJNRTZANmA/view?usp=drivesdk","Antibakteri_575") -> Antibakteri_575 | AB32: Document successfully created; Document successfully merged; PDF created; Manually run by labterpadu.unit.uns@gmail.com; Timestamp: Sep 11 2025 11:42 PM
A33: 45911 | B33: 45922 | C33: Retno Hartati | D33: 592 | E33: Nadia Indri Safitri | F33: K3322070 | G33: Pendidikan Kimia/ FKIP /UNS | H33: Non Akses | I33: Aktivitas Antibakteri | J33: Pratiwi | K33: 24 | L33: 12 | M33: 200000 | N33: 45 | O33: 10 | P33: =10*K33 -> 240 | Q33: 15 | R33: 30 | S33: 10 | T33: =30*L33 -> 360 | U33: 10 | V33: =30*L33 -> 360 | W33: 10 | X33: =N33+O33+P33+Q33+R33+S33+T33+U33+V33+W33 -> 1090 | Y33: 1W-zUHF17njNaLuH-k2BPtulz0GV3P-kf | Z33: https://drive.google.com/file/d/1W-zUHF17njNaLuH-k2BPtulz0GV3P-kf/view?usp=drivesdk | AA33: =HYPERLINK("https://drive.google.com/file/d/1W-zUHF17njNaLuH-k2BPtulz0GV3P-kf/view?usp=drivesdk","Antibakteri_592") -> Antibakteri_592 | AB33: Document successfully created; Document successfully merged; PDF created; Manually run by labterpadu.unit.uns@gmail.com; Timestamp: Sep 21 2025 10:19 PM
